Ticker,Name,SEDOL,ISIN,CUSIP,Incept. Date,Gross Expense Ratio (%),Net Expense Ratio (%),Asset Class,Sub Asset Class,Region,Market,Location,URL
IVV,iShares Core S&P 500 ETF,-,US4642872000,464287200,1899-12-30 0:00,0.04,0.04,Equity,Large Cap,North America,Developed,United States,https://www.ishares.com/us/products/239726/ishares-core-sp-500-etf
IEFA,iShares Core MSCI EAFE ETF,-,US46432F8427,46432F842,1899-12-30 0:00,0.07,0.07,Equity,All Cap,Global,Developed,Broad,https://www.ishares.com/us/products/244049/ishares-core-msci-eafe-etf
AGG,iShares Core U.S. Aggregate Bond ETF,-,US4642872265,464287226,1899-12-30 0:00,0.06,0.05,Fixed Income,Multi Sectors,North America,Developed,United States,https://www.ishares.com/us/products/239458/ishares-core-total-us-bond-market-etf
EFA,iShares MSCI EAFE ETF,-,US4642874659,464287465,1899-12-30 0:00,0.32,0.32,Equity,Large/Mid Cap,Global,Developed,Broad,https://www.ishares.com/us/products/239623/ishares-msci-eafe-etf
IEMG,iShares Core MSCI Emerging Markets ETF,-,US46434G1031,46434G103,1899-12-30 0:00,0.14,0.14,Equity,All Cap,Global,Emerging,Broad,https://www.ishares.com/us/products/244050/ishares-core-msci-emerging-markets-etf
IJH,iShares Core S&P Mid-Cap ETF,-,US4642875078,464287507,1899-12-30 0:00,0.06,0.06,Equity,Mid Cap,North America,Developed,United States,https://www.ishares.com/us/products/239763/ishares-core-sp-midcap-etf
IWF,iShares Russell 1000 Growth ETF,-,US4642876142,464287614,1899-12-30 0:00,0.19,0.19,Equity,Large/Mid Cap,North America,Developed,United States,https://www.ishares.com/us/products/239706/ishares-russell-1000-growth-etf
IJR,iShares Core S&P Small-Cap ETF,-,US4642878049,464287804,1899-12-30 0:00,0.07,0.07,Equity,Small Cap,North America,Developed,United States,https://www.ishares.com/us/products/239774/ishares-core-sp-smallcap-etf
IWM,iShares Russell 2000 ETF,-,US4642876555,464287655,1899-12-30 0:00,0.19,0.19,Equity,Small Cap,North America,Developed,United States,https://www.ishares.com/us/products/239710/ishares-russell-2000-etf
IWD,iShares Russell 1000 Value ETF,-,US4642875987,464287598,1899-12-30 0:00,0.19,0.19,Equity,Large/Mid Cap,North America,Developed,United States,https://www.ishares.com/us/products/239708/ishares-russell-1000-value-etf
USMV,iShares Edge MSCI Min Vol USA ETF,-,US46429B6974,46429B697,1899-12-30 0:00,0.15,0.15,Equity,Large/Mid Cap,North America,Developed,United States,https://www.ishares.com/us/products/239695/ishares-msci-usa-minimum-volatility-etf
LQD,iShares iBoxx $ Investment Grade Corporate Bond ETF,-,US4642872422,464287242,1899-12-30 0:00,0.15,0.15,Fixed Income,Credit,North America,Developed,United States,https://www.ishares.com/us/products/239566/ishares-iboxx-investment-grade-corporate-bond-etf
EEM,iShares MSCI Emerging Markets ETF,-,US4642872349,464287234,1899-12-30 0:00,0.68,0.68,Equity,Large/Mid Cap,Global,Emerging,Broad,https://www.ishares.com/us/products/239637/ishares-msci-emerging-markets-etf
IVW,iShares S&P 500 Growth ETF,-,US4642873099,464287309,1899-12-30 0:00,0.18,0.18,Equity,Large Cap,North America,Developed,United States,https://www.ishares.com/us/products/239725/ishares-sp-500-growth-etf
ITOT,iShares Core S&P Total U.S. Stock Market ETF,-,US4642871507,464287150,1899-12-30 0:00,0.03,0.03,Equity,All Cap,North America,Developed,United States,https://www.ishares.com/us/products/239724/ishares-core-sp-total-us-stock-market-etf
MBB,iShares MBS ETF,-,US4642885887,464288588,1899-12-30 0:00,0.07,0.06,Fixed Income,Mortgages,North America,Developed,United States,https://www.ishares.com/us/products/239465/ishares-mbs-etf
IWB,iShares Russell 1000 ETF,-,US4642876225,464287622,1899-12-30 0:00,0.15,0.15,Equity,Large/Mid Cap,North America,Developed,United States,https://www.ishares.com/us/products/239707/ishares-russell-1000-etf
IWR,iShares Russell Mid-Cap ETF,-,US4642874998,464287499,1899-12-30 0:00,0.19,0.19,Equity,Mid Cap,North America,Developed,United States,https://www.ishares.com/us/products/239718/ishares-russell-midcap-etf
SHV,iShares Short Treasury Bond ETF,-,US4642886794,464288679,1899-12-30 0:00,0.15,0.15,Fixed Income,Government,North America,Developed,United States,https://www.ishares.com/us/products/239466/ishares-short-treasury-bond-etf
TIP,iShares TIPS Bond ETF,-,US4642871762,464287176,1899-12-30 0:00,0.19,0.19,Fixed Income,Inflation,North America,Developed,United States,https://www.ishares.com/us/products/239467/ishares-tips-bond-etf
HYG,iShares iBoxx $ High Yield Corporate Bond ETF,-,US4642885135,464288513,1899-12-30 0:00,0.49,0.49,Fixed Income,High Yield,North America,Developed,United States,https://www.ishares.com/us/products/239565/ishares-iboxx-high-yield-corporate-bond-etf
IXUS,iShares Core MSCI Total International Stock ETF,-,US46432F8344,46432F834,1899-12-30 0:00,0.09,0.09,Equity,All Cap,Global,Developed,Broad,https://www.ishares.com/us/products/244048/ishares-core-msci-total-international-stock-etf
DVY,iShares Select Dividend ETF,-,US4642871689,464287168,1899-12-30 0:00,0.39,0.39,Equity,All Cap,North America,Developed,United States,https://www.ishares.com/us/products/239500/ishares-select-dividend-etf
IAU,iShares Gold Trust,-,US4642851053,464285105,1899-12-30 0:00,-,-,Commodity,Precious Metals,Global,Developed,Broad,https://www.ishares.com/us/products/239561/ishares-gold-trust-fund
IVE,iShares S&P 500 Value ETF,-,US4642874089,464287408,1899-12-30 0:00,0.18,0.18,Equity,Large Cap,North America,Developed,United States,https://www.ishares.com/us/products/239728/ishares-sp-500-value-etf
TLT,iShares 20+ Year Treasury Bond ETF,-,US4642874329,464287432,1899-12-30 0:00,0.15,0.15,Fixed Income,Government,North America,Developed,United States,https://www.ishares.com/us/products/239454/ishares-20-year-treasury-bond-etf
IEF,iShares 7-10 Year Treasury Bond ETF,-,US4642874402,464287440,1899-12-30 0:00,0.15,0.15,Fixed Income,Government,North America,Developed,United States,https://www.ishares.com/us/products/239456/ishares-710-year-treasury-bond-etf
PFF,iShares Preferred and Income Securities ETF,-,US4642886877,464288687,1899-12-30 0:00,0.46,0.46,Equity,All Cap,North America,Developed,United States,https://www.ishares.com/us/products/239826/ishares-us-preferred-stock-etf
SHY,iShares 1-3 Year Treasury Bond ETF,-,US4642874576,464287457,1899-12-30 0:00,0.15,0.15,Fixed Income,Government,North America,Developed,United States,https://www.ishares.com/us/products/239452/ishares-13-year-treasury-bond-etf
QUAL,iShares Edge MSCI USA Quality Factor ETF,-,US46432F3394,46432F339,1899-12-30 0:00,0.15,0.15,Equity,Large/Mid Cap,North America,Developed,United States,https://www.ishares.com/us/products/256101/ishares-msci-usa-quality-factor-etf
MUB,iShares National Muni Bond ETF,-,US4642884146,464288414,1899-12-30 0:00,0.07,0.07,Fixed Income,Municipals,North America,Developed,United States,https://www.ishares.com/us/products/239766/ishares-national-amtfree-muni-bond-etf
EMB,iShares J.P. Morgan USD Emerging Markets Bond ETF,-,US4642882819,464288281,1899-12-30 0:00,0.39,0.39,Fixed Income,Government,Global,Emerging,Broad,https://www.ishares.com/us/products/239572/ishares-jp-morgan-usd-emerging-markets-bond-etf
GOVT,iShares U.S. Treasury Bond ETF,-,US46429B2676,46429B267,1899-12-30 0:00,0.15,0.15,Fixed Income,Government,North America,Developed,United States,https://www.ishares.com/us/products/239468/ishares-us-treasury-bond-etf
EWJ,iShares MSCI Japan ETF,-,US46434G8226,46434G822,1899-12-30 0:00,0.49,0.49,Equity,Large/Mid Cap,Asia Pacific,Developed,Japan,https://www.ishares.com/us/products/239665/ishares-msci-japan-etf
IGSB,iShares Short-Term Corporate Bond ETF,-,US4642886463,464288646,1899-12-30 0:00,0.06,0.06,Fixed Income,Credit,North America,Developed,United States,https://www.ishares.com/us/products/239451/ishares-13-year-credit-bond-etf
EFAV,iShares Edge MSCI Min Vol EAFE ETF,-,US46429B6891,46429B689,1899-12-30 0:00,0.32,0.20,Equity,Large/Mid Cap,Global,Developed,Broad,https://www.ishares.com/us/products/239626/ishares-msci-eafe-minimum-volatility-etf
IWP,iShares Russell Mid-Cap Growth ETF,-,US4642874816,464287481,1899-12-30 0:00,0.24,0.24,Equity,Mid Cap,North America,Developed,United States,https://www.ishares.com/us/products/239717/ishares-russell-midcap-growth-etf
IWS,iShares Russell Mid-Cap Value ETF,-,US4642874733,464287473,1899-12-30 0:00,0.24,0.24,Equity,Mid Cap,North America,Developed,United States,https://www.ishares.com/us/products/239719/ishares-russell-midcap-value-etf
SCZ,iShares MSCI EAFE Small-Cap ETF,-,US4642882736,464288273,1899-12-30 0:00,0.4,0.4,Equity,Small Cap,Global,Developed,Broad,https://www.ishares.com/us/products/239627/ishares-msci-eafe-smallcap-etf
ACWI,iShares MSCI ACWI ETF,-,US4642882579,464288257,1899-12-30 0:00,0.33,0.32,Equity,Large/Mid Cap,Global,Developed,Broad,https://www.ishares.com/us/products/239600/ishares-msci-acwi-etf
EWZ,iShares MSCI Brazil ETF,-,US4642864007,464286400,1899-12-30 0:00,0.59,0.59,Equity,Large/Mid Cap,Latin America,Emerging,Brazil,https://www.ishares.com/us/products/239612/ishares-msci-brazil-capped-etf
DGRO,iShares Core Dividend Growth ETF,-,US46434V6213,46434V621,1899-12-30 0:00,0.08,0.08,Equity,All Cap,North America,Developed,United States,https://www.ishares.com/us/products/264623/ishares-core-dividend-growth-etf
IWV,iShares Russell 3000 ETF,-,US4642876894,464287689,1899-12-30 0:00,0.2,0.2,Equity,All Cap,North America,Developed,United States,https://www.ishares.com/us/products/239714/ishares-russell-3000-etf
IWO,iShares Russell 2000 Growth ETF,-,US4642876480,464287648,1899-12-30 0:00,0.24,0.24,Equity,Small Cap,North America,Developed,United States,https://www.ishares.com/us/products/239709/ishares-russell-2000-growth-etf
MTUM,iShares Edge MSCI USA Momentum Factor ETF,-,US46432F3964,46432F396,1899-12-30 0:00,0.15,0.15,Equity,Large/Mid Cap,North America,Developed,United States,https://www.ishares.com/us/products/251614/ishares-msci-usa-momentum-factor-etf
IWN,iShares Russell 2000 Value ETF,-,US4642876308,464287630,1899-12-30 0:00,0.24,0.24,Equity,Small Cap,North America,Developed,United States,https://www.ishares.com/us/products/239712/ishares-russell-2000-value-etf
FLOT,iShares Floating Rate Bond ETF,-,US46429B6552,46429B655,1899-12-30 0:00,0.2,0.2,Fixed Income,Credit,North America,Developed,United States,https://www.ishares.com/us/products/239534/ishares-floating-rate-bond-etf
IGIB,iShares Intermediate-Term Corporate Bond ETF,-,US4642886380,464288638,1899-12-30 0:00,0.06,0.06,Fixed Income,Credit,North America,Developed,United States,https://www.ishares.com/us/products/239463/ishares-intermediate-credit-bond-etf
IEI,iShares 3-7 Year Treasury Bond ETF,-,US4642886612,464288661,1899-12-30 0:00,0.15,0.15,Fixed Income,Government,North America,Developed,United States,https://www.ishares.com/us/products/239455/ishares-37-year-treasury-bond-etf
IUSG,iShares Core S&P U.S. Growth ETF,-,US4642876712,464287671,1899-12-30 0:00,0.04,0.04,Equity,All Cap,North America,Developed,United States,https://www.ishares.com/us/products/239713/ishares-core-sp-us-growth-etf
HDV,iShares Core High Dividend ETF,-,US46429B6636,46429B663,1899-12-30 0:00,0.08,0.08,Equity,All Cap,North America,Developed,United States,https://www.ishares.com/us/products/239563/ishares-high-dividend-etf
IBB,iShares Nasdaq Biotechnology ETF,-,US4642875565,464287556,1899-12-30 0:00,0.47,0.47,Equity,All Cap,North America,Developed,United States,https://www.ishares.com/us/products/239699/ishares-nasdaq-biotechnology-etf
IJK,iShares S&P Mid-Cap 400 Growth ETF,-,US4642876068,464287606,1899-12-30 0:00,0.24,0.24,Equity,Mid Cap,North America,Developed,United States,https://www.ishares.com/us/products/239762/ishares-sp-midcap-400-growth-etf
IUSV,iShares Core S&P U.S. Value ETF,-,US4642876639,464287663,1899-12-30 0:00,0.04,0.04,Equity,All Cap,North America,Developed,United States,https://www.ishares.com/us/products/239715/ishares-core-sp-us-value-etf
IJS,iShares S&P Small-Cap 600 Value ETF,-,US4642878791,464287879,1899-12-30 0:00,0.25,0.25,Equity,Small Cap,North America,Developed,United States,https://www.ishares.com/us/products/239775/ishares-sp-smallcap-600-value-etf
IJJ,iShares S&P Mid-Cap 400 Value ETF,-,US4642877058,464287705,1899-12-30 0:00,0.25,0.25,Equity,Mid Cap,North America,Developed,United States,https://www.ishares.com/us/products/239764/ishares-sp-midcap-400-value-etf
NEAR,iShares Short Maturity Bond ETF,-,US46431W5076,46431W507,1899-12-30 0:00,0.25,0.25,Fixed Income,Multi Sectors,North America,Developed,United States,https://www.ishares.com/us/products/239854/ishares-short-maturity-bond-etf
SLV,iShares Silver Trust,-,US46428Q1094,46428Q109,1899-12-30 0:00,-,-,Commodity,Precious Metals,Global,Developed,Broad,https://www.ishares.com/us/products/239855/ishares-silver-trust-fund
EZU,iShares MSCI Eurozone ETF,-,US4642866085,464286608,1899-12-30 0:00,0.49,0.49,Equity,Large/Mid Cap,Europe,Developed,Broad,https://www.ishares.com/us/products/239644/ishares-msci-emu-etf
EFV,iShares MSCI EAFE Value ETF,-,US4642888774,464288877,1899-12-30 0:00,0.39,0.39,Equity,Large/Mid Cap,Global,Developed,Broad,https://www.ishares.com/us/products/239628/ishares-msci-eafe-value-etf
OEF,iShares S&P 100 ETF,-,US4642871010,464287101,1899-12-30 0:00,0.2,0.2,Equity,Large Cap,North America,Developed,United States,https://www.ishares.com/us/products/239723/ishares-sp-100-etf
ITA,iShares U.S. Aerospace & Defense ETF,-,US4642887602,464288760,1899-12-30 0:00,0.42,0.42,Equity,All Cap,North America,Developed,United States,https://www.ishares.com/us/products/239502/ishares-us-aerospace-defense-etf
INDA,iShares MSCI India ETF,-,US46429B5984,46429B598,1899-12-30 0:00,0.69,0.69,Equity,Large/Mid Cap,Asia Pacific,Emerging,India,https://www.ishares.com/us/products/239659/ishares-msci-india-etf
EEMV,iShares Edge MSCI Min Vol Emerging Markets ETF,-,US4642865335,464286533,1899-12-30 0:00,0.68,0.25,Equity,Large/Mid Cap,Global,Emerging,Broad,https://www.ishares.com/us/products/239641/ishares-msci-emerging-markets-minimum-volatility-etf
ACWV,iShares Edge MSCI Min Vol Global ETF,-,US4642865251,464286525,1899-12-30 0:00,0.32,0.20,Equity,Large/Mid Cap,Global,Developed,Broad,https://www.ishares.com/us/products/239605/ishares-msci-all-country-world-minimum-volatility-etf
IJT,iShares S&P Small-Cap 600 Growth ETF,-,US4642878874,464287887,1899-12-30 0:00,0.25,0.25,Equity,Small Cap,North America,Developed,United States,https://www.ishares.com/us/products/239773/ishares-sp-smallcap-600-growth-etf
IYW,iShares U.S. Technology ETF,-,US4642877215,464287721,1899-12-30 0:00,0.42,0.42,Equity,All Cap,North America,Developed,United States,https://www.ishares.com/us/products/239522/ishares-us-technology-etf
IHI,iShares U.S. Medical Devices ETF,-,US4642888105,464288810,1899-12-30 0:00,0.43,0.43,Equity,All Cap,North America,Developed,United States,https://www.ishares.com/us/products/239516/ishares-us-medical-devices-etf
IDV,iShares International Select Dividend ETF,-,US4642884484,464288448,1899-12-30 0:00,0.49,0.49,Equity,All Cap,Global,Developed,Broad,https://www.ishares.com/us/products/239499/ishares-international-select-dividend-etf
MCHI,iShares MSCI China ETF,-,US46429B6719,46429B671,1899-12-30 0:00,0.59,0.59,Equity,Large/Mid Cap,Asia Pacific,Emerging,China,https://www.ishares.com/us/products/239619/ishares-msci-china-etf
EWY,iShares MSCI South Korea ETF,-,US4642867729,464286772,1899-12-30 0:00,0.59,0.59,Equity,Large/Mid Cap,Asia Pacific,Emerging,South Korea,https://www.ishares.com/us/products/239681/ishares-msci-south-korea-capped-etf
FXI,iShares China Large-Cap ETF,-,US4642871846,464287184,1899-12-30 0:00,0.74,0.74,Equity,Large Cap,Asia Pacific,Emerging,China,https://www.ishares.com/us/products/239536/ishares-china-largecap-etf
VLUE,iShares Edge MSCI USA Value Factor ETF,-,US46432F3881,46432F388,1899-12-30 0:00,0.15,0.15,Equity,Large/Mid Cap,North America,Developed,United States,https://www.ishares.com/us/products/251616/ishares-msci-usa-value-factor-etf
EFG,iShares MSCI EAFE Growth ETF,-,US4642888857,464288885,1899-12-30 0:00,0.4,0.4,Equity,Large/Mid Cap,Global,Developed,Broad,https://www.ishares.com/us/products/239622/ishares-msci-eafe-growth-etf
IUSB,iShares Core Total USD Bond Market ETF,-,US46434V6130,46434V613,1899-12-30 0:00,0.07,0.06,Fixed Income,Multi Sectors,North America,Developed,United States,https://www.ishares.com/us/products/264615/ishares-core-total-usd-bond-market-etf
IEUR,iShares Core MSCI Europe ETF,-,US46434V7385,46434V738,1899-12-30 0:00,0.09,0.09,Equity,All Cap,Europe,Developed,Broad,https://www.ishares.com/us/products/264617/ishares-core-msci-europe-etf
AAXJ,iShares MSCI All Country Asia ex Japan ETF,-,US4642881829,464288182,1899-12-30 0:00,0.68,0.68,Equity,Large/Mid Cap,Asia Pacific,Emerging,Broad,https://www.ishares.com/us/products/239601/ishares-msci-all-country-asia-ex-japan-etf
ACWX,iShares MSCI ACWI ex U.S. ETF,-,US4642882405,464288240,1899-12-30 0:00,0.34,0.32,Equity,Large/Mid Cap,Global,Developed,Broad,https://www.ishares.com/us/products/239594/ishares-msci-acwi-ex-us-etf
IYR,iShares U.S. Real Estate ETF,-,US4642877397,464287739,1899-12-30 0:00,0.42,0.42,Real Estate,Real Estate Securities,North America,Developed,United States,https://www.ishares.com/us/products/239520/ishares-us-real-estate-etf
USIG,iShares Broad USD Investment Grade Corporate Bond ETF,-,US4642886208,464288620,1899-12-30 0:00,0.06,0.06,Fixed Income,Credit,North America,Developed,United States,https://www.ishares.com/us/products/239460/ishares-credit-bond-etf
SHYG,iShares 0-5 Year High Yield Corporate Bond ETF,-,US46434V4077,46434V407,1899-12-30 0:00,0.3,0.3,Fixed Income,High Yield,North America,Developed,United States,https://www.ishares.com/us/products/258100/ishares-05-year-high-yield-corporate-bond-etf
EWT,iShares MSCI Taiwan ETF,-,US46434G7723,46434G772,1899-12-30 0:00,0.59,0.59,Equity,Large/Mid Cap,Asia Pacific,Emerging,Taiwan,https://www.ishares.com/us/products/239686/ishares-msci-taiwan-etf
ISTB,iShares Core 1-5 Year USD Bond ETF,-,US46432F8591,46432F859,1899-12-30 0:00,0.06,0.06,Fixed Income,Multi Sectors,North America,Developed,United States,https://www.ishares.com/us/products/244051/ishares-core-shortterm-us-bond-etf
IGF,iShares Global Infrastructure ETF,-,US4642883726,464288372,1899-12-30 0:00,0.46,0.46,Equity,All Cap,Global,Developed,Broad,https://www.ishares.com/us/products/239746/ishares-global-infrastructure-etf
IXN,iShares Global Tech ETF,-,US4642872919,464287291,1899-12-30 0:00,0.46,0.46,Equity,All Cap,Global,Developed,Broad,https://www.ishares.com/us/products/239750/ishares-global-tech-etf
IGV,iShares Expanded Tech-Software Sector ETF,-,US4642875151,464287515,1899-12-30 0:00,0.46,0.46,Equity,All Cap,North America,Developed,United States,https://www.ishares.com/us/products/239771/ishares-north-american-techsoftware-etf
HEFA,iShares Currency Hedged MSCI EAFE ETF,-,US46434V8037,46434V803,1899-12-30 0:00,0.70,0.35,Equity,Large/Mid Cap,Global,Developed,Broad,https://www.ishares.com/us/products/259622/ishares-currency-hedged-msci-eafe-etf
USHY,iShares Broad USD High Yield Corporate Bond ETF,-,US46435U8532,46435U853,1899-12-30 0:00,0.22,0.22,Fixed Income,High Yield,North America,Developed,United States,https://www.ishares.com/us/products/291299/ishares-broad-usd-high-yield-corporate-bond-etf-fund
ESGU,iShares ESG MSCI USA ETF,BD6C4F3,US46435G4257,46435G425,1899-12-30 0:00,0.15,0.15,Equity,Large/Mid Cap,North America,Developed,United States,https://www.ishares.com/us/products/286007/ishares-esg-msci-usa-etf-fund
EWC,iShares MSCI Canada ETF,-,US4642865095,464286509,1899-12-30 0:00,0.49,0.49,Equity,Large/Mid Cap,North America,Developed,Canada,https://www.ishares.com/us/products/239615/ishares-msci-canada-etf
SUB,iShares Short-Term National Muni Bond ETF,-,US4642881589,464288158,1899-12-30 0:00,0.07,0.07,Fixed Income,Municipals,North America,Developed,United States,https://www.ishares.com/us/products/239772/ishares-shortterm-national-amtfree-muni-bond-etf
XT,iShares Exponential Technologies ETF,-,US46434V3814,46434V381,1899-12-30 0:00,0.47,0.47,Equity,Large Cap,Global,Developed,Broad,https://www.ishares.com/us/products/272532/ishares-exponential-technologies-etf
ICSH,iShares Ultra Short-Term Bond ETF,-,US46434V8789,46434V878,1899-12-30 0:00,0.08,0.08,Fixed Income,Multi Sectors,North America,Developed,United States,https://www.ishares.com/us/products/258806/ishares-liquidity-income-etf
EWU,iShares MSCI United Kingdom ETF,-,US46435G3341,46435G334,1899-12-30 0:00,0.5,0.5,Equity,Large/Mid Cap,Europe,Developed,United Kingdom,https://www.ishares.com/us/products/239690/ishares-msci-united-kingdom-etf
SOXX,iShares PHLX Semiconductor ETF,-,US4642875235,464287523,1899-12-30 0:00,0.46,0.46,Equity,All Cap,North America,Developed,United States,https://www.ishares.com/us/products/239705/ishares-phlx-semiconductor-etf
STIP,iShares 0-5 Year TIPS Bond ETF,-,US46429B7477,46429B747,1899-12-30 0:00,0.06,0.06,Fixed Income,Inflation,North America,Developed,United States,https://www.ishares.com/us/products/239450/ishares-05-year-tips-bond-etf
IOO,iShares Global 100 ETF,-,US4642875722,464287572,1899-12-30 0:00,0.4,0.4,Equity,Large Cap,Global,Developed,Broad,https://www.ishares.com/us/products/239737/ishares-global-100-etf
ICF,iShares Cohen & Steers REIT ETF,-,US4642875649,464287564,1899-12-30 0:00,0.34,0.34,Real Estate,Real Estate Securities,North America,Developed,United States,https://www.ishares.com/us/products/239482/ishares-cohen-steers-reit-etf
IAGG,iShares Core International Aggregate Bond ETF,-,US46435G6724,46435G672,1899-12-30 0:00,0.09,0.09,Fixed Income,Multi Sectors,Global,Developed,Broad,https://www.ishares.com/us/products/279626/ishares-international-aggregate-bond-etf
EPP,iShares MSCI Pacific ex Japan ETF,-,US4642866655,464286665,1899-12-30 0:00,0.48,0.48,Equity,Large/Mid Cap,Asia Pacific,Developed,Broad,https://www.ishares.com/us/products/239674/ishares-msci-pacific-ex-japan-etf
IYH,iShares U.S. Healthcare ETF,-,US4642877629,464287762,1899-12-30 0:00,0.43,0.43,Equity,All Cap,North America,Developed,United States,https://www.ishares.com/us/products/239511/ishares-us-healthcare-etf
EWH,iShares MSCI Hong Kong ETF,-,US4642868719,464286871,1899-12-30 0:00,0.49,0.49,Equity,Large/Mid Cap,Asia Pacific,Developed,Hong Kong,https://www.ishares.com/us/products/239657/ishares-msci-hong-kong-etf
IXJ,iShares Global Healthcare ETF,-,US4642873255,464287325,1899-12-30 0:00,0.46,0.46,Equity,All Cap,Global,Developed,Broad,https://www.ishares.com/us/products/239744/ishares-global-healthcare-etf
EWG,iShares MSCI Germany ETF,-,US4642868065,464286806,1899-12-30 0:00,0.49,0.49,Equity,Large/Mid Cap,Europe,Developed,Germany,https://www.ishares.com/us/products/239650/ishares-msci-germany-etf
GVI,iShares Intermediate Government/Credit Bond ETF,-,US4642886125,464288612,1899-12-30 0:00,0.2,0.2,Fixed Income,Multi Sectors,North America,Developed,United States,https://www.ishares.com/us/products/239464/ishares-intermediate-governmentcredit-bond-etf
REET,iShares Global REIT ETF,-,US46434V6478,46434V647,1899-12-30 0:00,0.14,0.14,Real Estate,Real Estate Securities,Global,Developed,Broad,https://www.ishares.com/us/products/268752/ishares-global-reit-etf
IGM,iShares Expanded Tech Sector ETF,-,US4642875490,464287549,1899-12-30 0:00,0.46,0.46,Equity,All Cap,North America,Developed,United States,https://www.ishares.com/us/products/239769/ishares-north-american-tech-etf
SLQD,iShares 0-5 Year Investment Grade Corporate Bond ETF,-,US46434V1008,46434V100,1899-12-30 0:00,0.06,0.06,Fixed Income,Credit,North America,Developed,United States,https://www.ishares.com/us/products/258098/ishares-05-year-investment-grade-corporate-bond-etf
IGLB,iShares Long-Term Corporate Bond ETF,-,US4642895118,464289511,1899-12-30 0:00,0.06,0.06,Fixed Income,Credit,North America,Developed,United States,https://www.ishares.com/us/products/239423/ishares-10-year-credit-bond-etf
DSI,iShares MSCI KLD 400 Social ETF,-,US4642885705,464288570,1899-12-30 0:00,0.25,0.25,Equity,Large/Mid Cap,North America,Developed,United States,https://www.ishares.com/us/products/239667/ishares-msci-kld-400-social-etf
SUSL,iShares ESG MSCI USA Leaders ETF,-,US46435U2188,46435U218,1899-12-30 0:00,0.1,0.1,Equity,Large/Mid Cap,North America,Developed,United States,https://www.ishares.com/us/products/308574/ishares-esg-msci-usa-leaders-etf-fund
IWY,iShares Russell Top 200 Growth ETF,-,US4642894384,464289438,1899-12-30 0:00,0.2,0.2,Equity,Large Cap,North America,Developed,United States,https://www.ishares.com/us/products/239720/ishares-russell-top-200-growth-etf
IYF,iShares U.S. Financials ETF,-,US4642877884,464287788,1899-12-30 0:00,0.42,0.42,Equity,All Cap,North America,Developed,United States,https://www.ishares.com/us/products/239508/ishares-us-financials-etf
IDEV,iShares Core MSCI International Developed Markets ETF,-,US46435G3267,46435G326,1899-12-30 0:00,0.05,0.05,Equity,Large/Mid Cap,Global,Developed,Broad,https://www.ishares.com/us/products/286762/ishares-core-msci-international-developed-markets-etf-fund
IEV,iShares Europe ETF,-,US4642878619,464287861,1899-12-30 0:00,0.59,0.59,Equity,Large/Mid Cap,Europe,Developed,Broad,https://www.ishares.com/us/products/239736/ishares-europe-etf
ESGE,iShares ESG MSCI EM ETF,-,US46434G8630,46434G863,1899-12-30 0:00,0.25,0.25,Equity,Large/Mid Cap,Global,Emerging,Broad,https://www.ishares.com/us/products/283777/ishares-esg-msci-em-etf-fund
USRT,iShares Core U.S. REIT ETF,-,US4642885218,464288521,1899-12-30 0:00,0.08,0.08,Real Estate,Real Estate Securities,North America,Developed,United States,https://www.ishares.com/us/products/239544/ishares-real-estate-50-etf
EWA,iShares MSCI Australia ETF,-,US4642861037,464286103,1899-12-30 0:00,0.5,0.5,Equity,Large/Mid Cap,Asia Pacific,Developed,Australia,https://www.ishares.com/us/products/239607/ishares-msci-australia-etf
ESGD,iShares ESG MSCI EAFE ETF,-,US46435G5163,46435G516,1899-12-30 0:00,0.2,0.2,Equity,Large/Mid Cap,Global,Developed,Broad,https://www.ishares.com/us/products/283778/ishares-esg-msci-eafe-etf-fund
AOR,iShares Core Growth Allocation ETF,-,US4642898674,464289867,1899-12-30 0:00,0.31,0.25,Multi Asset,Static Allocation,Global,Developed,Broad,https://www.ishares.com/us/products/239756/ishares-growth-allocation-etf
CMF,iShares California Muni Bond ETF,-,US4642883569,464288356,1899-12-30 0:00,0.25,0.25,Fixed Income,Municipals,North America,Developed,United States,https://www.ishares.com/us/products/239731/ishares-california-amtfree-muni-bond-etf
REM,iShares Mortgage Real Estate ETF,-,US46435G3424,46435G342,1899-12-30 0:00,0.48,0.48,Real Estate,Real Estate Securities,North America,Developed,United States,https://www.ishares.com/us/products/239543/ishares-mortgage-real-estate-capped-etf
ILF,iShares Latin America 40 ETF,-,US4642873909,464287390,1899-12-30 0:00,0.48,0.48,Equity,Large Cap,Latin America,Emerging,Broad,https://www.ishares.com/us/products/239761/ishares-latin-america-40-etf
IYG,iShares U.S. Financial Services ETF,-,US4642877702,464287770,1899-12-30 0:00,0.42,0.42,Equity,All Cap,North America,Developed,United States,https://www.ishares.com/us/products/239509/ishares-us-financial-services-etf
IBDM,iBonds® Dec 2021 Term Corporate ETF,-,US46434VBK52,46434VBK5,1899-12-30 0:00,0.1,0.1,Fixed Income,Credit,North America,Developed,United States,https://www.ishares.com/us/products/272342/ishares-ibonds-dec-2021-corporate-etf
SIZE,iShares Edge MSCI USA Size Factor ETF,-,US46432F3709,46432F370,1899-12-30 0:00,0.15,0.15,Equity,Large/Mid Cap,North America,Developed,United States,https://www.ishares.com/us/products/251465/ishares-msci-usa-size-factor-etf
IYY,iShares Dow Jones U.S. ETF,-,US4642878460,464287846,1899-12-30 0:00,0.2,0.2,Equity,All Cap,North America,Developed,United States,https://www.ishares.com/us/products/239513/ishares-dow-jones-us-etf
JKE,iShares Morningstar Large-Cap Growth ETF,-,US4642871192,464287119,1899-12-30 0:00,0.25,0.25,Equity,Large Cap,North America,Developed,United States,https://www.ishares.com/us/products/239580/ishares-morningstar-largecap-growth-etf
IBDL,iBonds® Dec 2020 Term Corporate ETF,-,US46434VAQ32,46434VAQ3,1899-12-30 0:00,0.1,0.1,Fixed Income,Credit,North America,Developed,United States,https://www.ishares.com/us/products/271056/ishares-ibonds-dec-2020-corporate-etf
AIA,iShares Asia 50 ETF,-,US4642884302,464288430,1899-12-30 0:00,0.5,0.5,Equity,Large Cap,Asia Pacific,Developed,Broad,https://www.ishares.com/us/products/239730/ishares-asia-50-etf
EWL,iShares MSCI Switzerland ETF,-,US4642867497,464286749,1899-12-30 0:00,0.5,0.5,Equity,Large/Mid Cap,Europe,Developed,Switzerland,https://www.ishares.com/us/products/239685/ishares-msci-switzerland-capped-etf
AOM,iShares Core Moderate Allocation ETF,-,US4642898757,464289875,1899-12-30 0:00,0.31,0.25,Multi Asset,Static Allocation,Global,Developed,Broad,https://www.ishares.com/us/products/239765/ishares-moderate-allocation-etf
SUSA,iShares MSCI USA ESG Select ETF,-,US4642888022,464288802,1899-12-30 0:00,0.25,0.25,Equity,Large/Mid Cap,North America,Developed,United States,https://www.ishares.com/us/products/239692/ishares-msci-usa-esg-select-etf
IQLT,iShares Edge MSCI Intl Quality Factor ETF,-,US46434V4564,46434V456,1899-12-30 0:00,0.3,0.3,Equity,Large/Mid Cap,Global,Developed,Broad,https://www.ishares.com/us/products/271540/ishares-msci-international-developed-quality-factor-etf
INTF,iShares Edge MSCI Multifactor Intl ETF,-,US46434V2741,46434V274,1899-12-30 0:00,0.3,0.3,Equity,Large/Mid Cap,Global,Developed,Broad,https://www.ishares.com/us/products/272822/ishares-msci-international-multi-factor-etf
IBDN,iBonds® Dec 2022 Term Corporate ETF,-,US46434VBA70,46434VBA7,1899-12-30 0:00,0.1,0.1,Fixed Income,Credit,North America,Developed,United States,https://www.ishares.com/us/products/272343/ishares-ibonds-dec-2022-corporate-etf
IPAC,iShares Core MSCI Pacific ETF,-,US46434V6965,46434V696,1899-12-30 0:00,0.09,0.09,Equity,All Cap,Asia Pacific,Developed,Broad,https://www.ishares.com/us/products/264619/ishares-core-msci-pacific-etf
AOA,iShares Core Aggressive Allocation ETF,-,US4642898591,464289859,1899-12-30 0:00,0.31,0.25,Multi Asset,Static Allocation,Global,Developed,Broad,https://www.ishares.com/us/products/239729/ishares-aggressive-allocation-etf
ITB,iShares U.S. Home Construction ETF,-,US4642887529,464288752,1899-12-30 0:00,0.42,0.42,Equity,All Cap,North America,Developed,United States,https://www.ishares.com/us/products/239512/ishares-us-home-construction-etf
EWW,iShares MSCI Mexico ETF,-,US4642868222,464286822,1899-12-30 0:00,0.49,0.49,Equity,All Cap,Latin America,Emerging,Mexico,https://www.ishares.com/us/products/239670/ishares-msci-mexico-capped-etf
IBDO,iBonds® Dec 2023 Term Corporate ETF,-,US46434VAX82,46434VAX8,1899-12-30 0:00,0.1,0.1,Fixed Income,Credit,North America,Developed,United States,https://www.ishares.com/us/products/272344/ishares-ibonds-dec-2023-corporate-etf
IYJ,iShares U.S. Industrials ETF,-,US4642877546,464287754,1899-12-30 0:00,0.42,0.42,Equity,All Cap,North America,Developed,United States,https://www.ishares.com/us/products/239514/ishares-us-industrials-etf
IDU,iShares U.S. Utilities ETF,-,US4642876977,464287697,1899-12-30 0:00,0.43,0.43,Equity,All Cap,North America,Developed,United States,https://www.ishares.com/us/products/239524/ishares-us-utilities-etf
URTH,iShares MSCI World ETF,-,US4642863926,464286392,1899-12-30 0:00,0.24,0.24,Equity,Large/Mid Cap,Global,Developed,Broad,https://www.ishares.com/us/products/239696/ishares-msci-world-etf
LRGF,iShares Edge MSCI Multifactor USA ETF,-,US46434V2824,46434V282,1899-12-30 0:00,0.2,0.2,Equity,Large/Mid Cap,North America,Developed,United States,https://www.ishares.com/us/products/272824/ishares-msci-usa-multi-factor-etf
HEZU,iShares Currency Hedged MSCI Eurozone ETF,-,US46434V6395,46434V639,1899-12-30 0:00,1.11,0.52,Equity,Large/Mid Cap,Europe,Developed,Broad,https://www.ishares.com/us/products/268708/ishares-currency-hedged-msci-emu-etf
IGOV,iShares International Treasury Bond ETF,-,US4642881175,464288117,1899-12-30 0:00,0.35,0.35,Fixed Income,Government,Global,Developed,Broad,https://www.ishares.com/us/products/239830/ishares-international-treasury-bond-etf
TLH,iShares 10-20 Year Treasury Bond ETF,-,US4642886539,464288653,1899-12-30 0:00,0.15,0.15,Fixed Income,Government,North America,Developed,United States,https://www.ishares.com/us/products/239453/ishares-1020-year-treasury-bond-etf
IYC,iShares U.S. Consumer Services ETF,-,US4642875805,464287580,1899-12-30 0:00,0.42,0.42,Equity,All Cap,North America,Developed,United States,https://www.ishares.com/us/products/239506/ishares-us-consumer-services-etf
EWP,iShares MSCI Spain ETF,-,US4642867646,464286764,1899-12-30 0:00,0.5,0.5,Equity,Large/Mid Cap,Europe,Developed,Spain,https://www.ishares.com/us/products/239683/ishares-msci-spain-capped-etf
IHF,iShares U.S. Healthcare Providers ETF,-,US4642888287,464288828,1899-12-30 0:00,0.43,0.43,Equity,All Cap,North America,Developed,United States,https://www.ishares.com/us/products/239510/ishares-us-healthcare-providers-etf
JKD,iShares Morningstar Large-Cap ETF,-,US4642871275,464287127,1899-12-30 0:00,0.2,0.2,Equity,Large Cap,North America,Developed,United States,https://www.ishares.com/us/products/239579/ishares-morningstar-largecap-etf
IWC,iShares Micro-Cap ETF,-,US4642888691,464288869,1899-12-30 0:00,0.6,0.6,Equity,Small Cap,North America,Developed,United States,https://www.ishares.com/us/products/239716/ishares-microcap-etf
EUFN,iShares MSCI Europe Financials ETF,-,US4642891802,464289180,1899-12-30 0:00,0.48,0.48,Equity,All Cap,Europe,Developed,Broad,https://www.ishares.com/us/products/239645/ishares-msci-europe-financials-etf
IXC,iShares Global Energy ETF,-,US4642873412,464287341,1899-12-30 0:00,0.46,0.46,Equity,All Cap,Global,Developed,Broad,https://www.ishares.com/us/products/239741/ishares-global-energy-etf
KXI,iShares Global Consumer Staples ETF,-,US4642887370,464288737,1899-12-30 0:00,0.46,0.46,Equity,All Cap,Global,Developed,Broad,https://www.ishares.com/us/products/239740/ishares-global-consumer-staples-etf
EWQ,iShares MSCI France ETF,-,US4642867075,464286707,1899-12-30 0:00,0.5,0.5,Equity,Large/Mid Cap,Europe,Developed,France,https://www.ishares.com/us/products/239648/ishares-msci-france-etf
JKG,iShares Morningstar Mid-Cap ETF,-,US4642882082,464288208,1899-12-30 0:00,0.25,0.25,Equity,Mid Cap,North America,Developed,United States,https://www.ishares.com/us/products/239582/ishares-morningstar-midcap-etf
INDY,iShares India 50 ETF,-,US4642895290,464289529,1899-12-30 0:00,0.94,0.94,Equity,Large Cap,Asia Pacific,Emerging,India,https://www.ishares.com/us/products/239758/ishares-india-50-etf
KSA,iShares MSCI Saudi Arabia ETF,-,US46434V4234,46434V423,1899-12-30 0:00,0.74,0.74,Equity,All Cap,Middle East and Africa,Emerging,Saudi Arabia,https://www.ishares.com/us/products/271542/ishares-msci-saudi-arabia-capped-etf
IBDP,iBonds® Dec 2024 Term Corporate ETF,-,US46434VBG41,46434VBG4,1899-12-30 0:00,0.1,0.1,Fixed Income,Credit,North America,Developed,United States,https://www.ishares.com/us/products/272345/ishares-ibonds-dec-2024-corporate-etf
GSG,iShares S&P GSCI Commodity-Indexed Trust,-,US46428R1077,46428R107,1899-12-30 0:00,-,-,Commodity,Multi Commodity,Global,Developed,Broad,https://www.ishares.com/us/products/239757/ishares-sp-gsci-commodityindexed-trust-fund
DVYE,iShares Emerging Markets Dividend ETF,-,US4642863199,464286319,1899-12-30 0:00,0.49,0.49,Equity,All Cap,Global,Emerging,Broad,https://www.ishares.com/us/products/239526/ishares-emerging-markets-dividend-etf
ERUS,iShares MSCI Russia ETF,BD73LL0,US46434G7988,46434G798,1899-12-30 0:00,0.59,0.59,Equity,Large/Mid Cap,Europe,Emerging,Russia,https://www.ishares.com/us/products/239677/ishares-msci-russia-capped-etf
AOK,iShares Core Conservative Allocation ETF,-,US4642898831,464289883,1899-12-30 0:00,0.31,0.25,Multi Asset,Static Allocation,Global,Developed,Broad,https://www.ishares.com/us/products/239733/ishares-conservative-allocation-etf
IYT,iShares Transportation Average ETF,-,US4642871929,464287192,1899-12-30 0:00,0.42,0.42,Equity,All Cap,North America,Developed,United States,https://www.ishares.com/us/products/239501/ishares-transportation-average-etf
IBDQ,iBonds® Dec 2025 Term Corporate ETF,-,US46434VBD10,46434VBD1,1899-12-30 0:00,0.1,0.1,Fixed Income,Credit,North America,Developed,United States,https://www.ishares.com/us/products/272346/ishares-ibonds-dec-2025-corporate-etf
IYE,iShares U.S. Energy ETF,-,US4642877967,464287796,1899-12-30 0:00,0.42,0.42,Equity,All Cap,North America,Developed,United States,https://www.ishares.com/us/products/239507/ishares-us-energy-etf
EWS,iShares MSCI Singapore ETF,-,US46434G7806,46434G780,1899-12-30 0:00,0.5,0.5,Equity,Large/Mid Cap,Asia Pacific,Developed,Singapore,https://www.ishares.com/us/products/239678/ishares-msci-singapore-capped-etf
AGZ,iShares Agency Bond ETF,-,US4642881662,464288166,1899-12-30 0:00,0.2,0.2,Fixed Income,Government,North America,Developed,United States,https://www.ishares.com/us/products/239457/ishares-agency-bond-etf
JKF,iShares Morningstar Large-Cap Value ETF,-,US4642881092,464288109,1899-12-30 0:00,0.25,0.25,Equity,Large Cap,North America,Developed,United States,https://www.ishares.com/us/products/239581/ishares-morningstar-largecap-value-etf
JKH,iShares Morningstar Mid-Cap Growth ETF,-,US4642883072,464288307,1899-12-30 0:00,0.3,0.3,Equity,Mid Cap,North America,Developed,United States,https://www.ishares.com/us/products/239583/ishares-morningstar-midcap-growth-etf
LEMB,iShares J.P. Morgan EM Local Currency Bond ETF,-,US4642865178,464286517,1899-12-30 0:00,0.3,0.3,Others,Others,Global,Emerging,Broad,https://www.ishares.com/us/products/239528/ishares-emerging-markets-local-currency-bond-etf
ECH,iShares MSCI Chile ETF,-,US4642866408,464286640,1899-12-30 0:00,0.59,0.59,Equity,All Cap,Latin America,Emerging,Chile,https://www.ishares.com/us/products/239618/ishares-msci-chile-capped-etf
COMT,iShares Commodities Select Strategy ETF,-,US46431W8534,46431W853,1899-12-30 0:00,0.48,0.48,Commodity,Multi Commodity,Global,Developed,Broad,https://www.ishares.com/us/products/270319/ishares-commodity-etf
EEMA,iShares MSCI Emerging Markets Asia ETF,-,US4642864262,464286426,1899-12-30 0:00,0.5,0.5,Equity,Large/Mid Cap,Asia Pacific,Emerging,Broad,https://www.ishares.com/us/products/239629/ishares-msci-emerging-markets-asia-etf
IYK,iShares U.S. Consumer Goods ETF,-,US4642878122,464287812,1899-12-30 0:00,0.42,0.42,Equity,All Cap,North America,Developed,United States,https://www.ishares.com/us/products/239505/ishares-us-consumer-goods-etf
SMMV,iShares Edge MSCI Min Vol USA Small-Cap ETF,-,US46435G4331,46435G433,1899-12-30 0:00,0.2,0.2,Equity,Small Cap,North America,Developed,United States,https://www.ishares.com/us/products/284609/ishares-edge-msci-min-vol-usa-small-cap-etf-fund
CRBN,iShares MSCI ACWI Low Carbon Target ETF,-,US46434V4648,46434V464,1899-12-30 0:00,0.2,0.2,Equity,Large/Mid Cap,Global,Developed,Broad,https://www.ishares.com/us/products/271054/ishares-msci-acwi-low-carbon-target-etf
FM,iShares MSCI Frontier 100 ETF,-,US4642861458,464286145,1899-12-30 0:00,0.79,0.79,Equity,All Cap,Global,Frontier,Broad,https://www.ishares.com/us/products/239649/ishares-msci-frontier-100-etf
IXG,iShares Global Financials ETF,-,US4642873339,464287333,1899-12-30 0:00,0.46,0.46,Equity,All Cap,Global,Developed,Broad,https://www.ishares.com/us/products/239742/ishares-global-financials-etf
THD,iShares MSCI Thailand ETF,-,US4642866242,464286624,1899-12-30 0:00,0.59,0.59,Equity,All Cap,Asia Pacific,Emerging,Thailand,https://www.ishares.com/us/products/239688/ishares-msci-thailand-capped-etf
EIDO,iShares MSCI Indonesia ETF,-,US46429B3096,46429B309,1899-12-30 0:00,0.59,0.59,Equity,All Cap,Asia Pacific,Emerging,Indonesia,https://www.ishares.com/us/products/239661/ishares-msci-indonesia-etf
ICVT,iShares Convertible Bond ETF,-,US46435G1022,46435G102,1899-12-30 0:00,0.2,0.2,Fixed Income,Credit,North America,Developed,United States,https://www.ishares.com/us/products/272819/ishares-convertible-bond-etf
REZ,iShares Residential Real Estate ETF,-,US4642885622,464288562,1899-12-30 0:00,0.48,0.48,Real Estate,Real Estate Securities,North America,Developed,United States,https://www.ishares.com/us/products/239545/ishares-residential-real-estate-capped-etf
IWX,iShares Russell Top 200 Value ETF,-,US4642894202,464289420,1899-12-30 0:00,0.2,0.2,Equity,Large Cap,North America,Developed,United States,https://www.ishares.com/us/products/239722/ishares-russell-top-200-value-etf
EWM,iShares MSCI Malaysia ETF,-,US46434G8143,46434G814,1899-12-30 0:00,0.49,0.49,Equity,Large/Mid Cap,Asia Pacific,Emerging,Malaysia,https://www.ishares.com/us/products/239669/ishares-msci-malaysia-etf
JKI,iShares Morningstar Mid-Cap Value ETF,-,US4642884062,464288406,1899-12-30 0:00,0.3,0.3,Equity,Mid Cap,North America,Developed,United States,https://www.ishares.com/us/products/239584/ishares-morningstar-midcap-value-etf
IGE,iShares North American Natural Resources ETF,-,US4642873743,464287374,1899-12-30 0:00,0.46,0.46,Equity,All Cap,North America,Developed,Broad,https://www.ishares.com/us/products/239768/ishares-north-american-natural-resources-etf
EMGF,iShares Edge MSCI Multifactor Emerging Markets ETF,-,US46434G8895,46434G889,1899-12-30 0:00,0.45,0.45,Equity,Large/Mid Cap,Global,Emerging,Broad,https://www.ishares.com/us/products/272820/ishares-msci-emerging-multi-factor-etf
ICLN,iShares Global Clean Energy ETF,-,US4642882249,464288224,1899-12-30 0:00,0.46,0.46,Equity,All Cap,Global,Developed,Broad,https://www.ishares.com/us/products/239738/ishares-global-clean-energy-etf
TFLO,iShares Treasury Floating Rate Bond ETF,-,US46434V8607,46434V860,1899-12-30 0:00,0.15,0.15,Fixed Income,Government,North America,Developed,United States,https://www.ishares.com/us/products/260652/ishares-treasury-floating-rate-bond-etf
NYF,iShares New York Muni Bond ETF,-,US4642883239,464288323,1899-12-30 0:00,0.25,0.25,Fixed Income,Municipals,North America,Developed,United States,https://www.ishares.com/us/products/239767/ishares-new-york-amtfree-muni-bond-etf
QLTA,iShares Aaa - A Rated Corporate Bond ETF,-,US46429B2916,46429B291,1899-12-30 0:00,0.15,0.15,Fixed Income,Credit,North America,Developed,United States,https://www.ishares.com/us/products/239431/ishares-aaa-a-rated-corporate-bond-etf
EMHY,iShares Emerging Markets High Yield Bond ETF,-,US4642862852,464286285,1899-12-30 0:00,0.5,0.5,Fixed Income,High Yield,Global,Emerging,Broad,https://www.ishares.com/us/products/239527/ishares-emerging-markets-high-yield-bond-etf
IBDR,iBonds® Dec 2026 Term Corporate ETF,-,US46435GAA04,46435GAA0,1899-12-30 0:00,0.1,0.1,Fixed Income,Credit,North America,Developed,United States,https://www.ishares.com/us/products/285027/ishares-ibonds-dec-2026-term-corporate-etf-fund
IVLU,iShares Edge MSCI Intl Value Factor ETF,-,US46435G4091,46435G409,1899-12-30 0:00,0.3,0.3,Equity,Large/Mid Cap,Global,Developed,Broad,https://www.ishares.com/us/products/275382/ishares-msci-international-developed-value-factor-etf
IYLD,iShares Morningstar Multi-Asset Income ETF,-,US46432F8757,46432F875,1899-12-30 0:00,0.62,0.60,Multi Asset,Static Allocation,Global,Developed,Broad,https://www.ishares.com/us/products/239585/ishares-morningstar-multiasset-income-etf
CMBS,iShares CMBS ETF,-,US46429B3666,46429B366,1899-12-30 0:00,0.25,0.25,Fixed Income,Mortgages,North America,Developed,United States,https://www.ishares.com/us/products/239459/ishares-cmbs-etf
JKL,iShares Morningstar Small-Cap Value ETF,-,US4642887032,464288703,1899-12-30 0:00,0.3,0.3,Equity,Small Cap,North America,Developed,United States,https://www.ishares.com/us/products/239588/ishares-morningstar-smallcap-value-etf
IWL,iShares Russell Top 200 ETF,-,US4642894467,464289446,1899-12-30 0:00,0.15,0.15,Equity,Large Cap,North America,Developed,United States,https://www.ishares.com/us/products/239721/ishares-russell-top-200-etf
EZA,iShares MSCI South Africa ETF,-,US4642867802,464286780,1899-12-30 0:00,0.59,0.59,Equity,Large/Mid Cap,Middle East and Africa,Emerging,South Africa,https://www.ishares.com/us/products/239680/ishares-msci-south-africa-etf
TUR,iShares MSCI Turkey ETF,-,US4642867158,464286715,1899-12-30 0:00,0.59,0.59,Equity,All Cap,Europe,Emerging,Turkey,https://www.ishares.com/us/products/239689/ishares-msci-turkey-etf
IAT,iShares U.S. Regional Banks ETF,-,US4642887784,464288778,1899-12-30 0:00,0.42,0.42,Equity,All Cap,North America,Developed,United States,https://www.ishares.com/us/products/239521/ishares-us-regional-banks-etf
IFGL,iShares International Developed Real Estate ETF,-,US4642884898,464288489,1899-12-30 0:00,0.48,0.48,Real Estate,Real Estate Securities,Global,Developed,Broad,https://www.ishares.com/us/products/239540/ishares-international-developed-real-estate-etf
MXI,iShares Global Materials ETF,-,US4642886950,464288695,1899-12-30 0:00,0.46,0.46,Equity,All Cap,Global,Developed,Broad,https://www.ishares.com/us/products/239748/ishares-global-materials-etf
HEWJ,iShares Currency Hedged MSCI Japan ETF,-,US46434V8862,46434V886,1899-12-30 0:00,1.02,0.49,Equity,Large/Mid Cap,Asia Pacific,Developed,Japan,https://www.ishares.com/us/products/259624/ishares-currency-hedged-msci-japan-etf
EUSA,iShares MSCI USA Equal Weighted ETF,-,US4642866812,464286681,1899-12-30 0:00,0.15,0.15,Equity,Large/Mid Cap,North America,Developed,United States,https://www.ishares.com/us/products/239693/ishares-msci-usa-etf
IYZ,iShares U.S. Telecommunications ETF,-,US4642877132,464287713,1899-12-30 0:00,0.42,0.42,Equity,All Cap,North America,Developed,United States,https://www.ishares.com/us/products/239523/ishares-us-telecommunications-etf
IHE,iShares U.S. Pharmaceuticals ETF,-,US4642888360,464288836,1899-12-30 0:00,0.42,0.42,Equity,All Cap,North America,Developed,United States,https://www.ishares.com/us/products/239519/ishares-us-pharmaceuticals-etf
EWI,iShares MSCI Italy ETF,-,US46434G8309,46434G830,1899-12-30 0:00,0.49,0.49,Equity,Large/Mid Cap,Europe,Developed,Italy,https://www.ishares.com/us/products/239664/ishares-msci-italy-capped-etf
IYM,iShares U.S. Basic Materials ETF,-,US4642878387,464287838,1899-12-30 0:00,0.42,0.42,Equity,All Cap,North America,Developed,United States,https://www.ishares.com/us/products/239503/ishares-us-basic-materials-etf
IBMI,iBonds® Sep 2020 Term Muni Bond ETF,-,US46434V5710,46434V571,1899-12-30 0:00,0.18,0.18,Fixed Income,Municipals,North America,Developed,United States,https://www.ishares.com/us/products/269394/ishares-2020-amtfree-muni-term-etf
IBMK,iBonds® Dec 2022 Term Muni Bond ETF,-,US46435G7557,46435G755,1899-12-30 0:00,0.18,0.18,Fixed Income,Municipals,North America,Developed,United States,https://www.ishares.com/us/products/276544/ishares-ibonds-dec-2022-amt-free-muni-bond-etf
ILTB,iShares Core 10+ Year USD Bond ETF,-,US4642894798,464289479,1899-12-30 0:00,0.06,0.06,Fixed Income,Multi Sectors,North America,Developed,United States,https://www.ishares.com/us/products/239424/ishares-core-longterm-us-bond-etf
SMLF,iShares Edge MSCI Multifactor USA Small-Cap ETF,-,US46434V2907,46434V290,1899-12-30 0:00,0.3,0.3,Equity,Small Cap,North America,Developed,United States,https://www.ishares.com/us/products/272825/ishares-msci-usa-small-cap-multi-factor-etf
IXP,iShares Global Comm Services ETF,-,US4642872752,464287275,1899-12-30 0:00,0.46,0.46,Equity,All Cap,Global,Developed,Broad,https://www.ishares.com/us/products/239751/ishares-global-telecom-etf
EPOL,iShares MSCI Poland ETF,-,US46429B6065,46429B606,1899-12-30 0:00,0.61,0.61,Equity,All Cap,Europe,Emerging,Poland,https://www.ishares.com/us/products/239676/ishares-msci-poland-capped-etf
CNYA,iShares MSCI China A ETF,-,US46434V5140,46434V514,1899-12-30 0:00,0.65,0.65,Equity,Large/Mid Cap,Asia Pacific,Emerging,China,https://www.ishares.com/us/products/273318/ishares-msci-china-a-etf
IBMJ,iBonds® Dec 2021 Term Muni Bond ETF,-,US46435G7896,46435G789,1899-12-30 0:00,0.18,0.18,Fixed Income,Municipals,North America,Developed,United States,https://www.ishares.com/us/products/276546/ishares-ibonds-dec-2021-amt-free-muni-bond-etf
SMIN,iShares MSCI India Small-Cap ETF,-,US46429B6149,46429B614,1899-12-30 0:00,0.76,0.76,Equity,Small Cap,Asia Pacific,Emerging,India,https://www.ishares.com/us/products/239660/ishares-msci-india-smallcap-etf
RING,iShares MSCI Global Gold Miners ETF,-,US46434G8556,46434G855,1899-12-30 0:00,0.39,0.39,Equity,All Cap,Global,Developed,Broad,https://www.ishares.com/us/products/239654/ishares-msci-global-gold-miners-etf
WOOD,iShares Global Timber & Forestry ETF,-,US4642881746,464288174,1899-12-30 0:00,0.46,0.46,Equity,All Cap,Global,Developed,Broad,https://www.ishares.com/us/products/239752/ishares-global-timber-forestry-etf
IBDS,iBonds® Dec 2027 Term Corporate ETF,-,US46435UAA97,46435UAA9,1899-12-30 0:00,0.1,0.1,Fixed Income,Credit,North America,Developed,United States,https://www.ishares.com/us/products/290315/ishares-ibonds-dec-2027-term-corporate-etf-fund
EXI,iShares Global Industrials ETF,-,US4642887297,464288729,1899-12-30 0:00,0.46,0.46,Equity,All Cap,Global,Developed,Broad,https://www.ishares.com/us/products/239745/ishares-global-industrials-etf
IAI,iShares U.S. Broker-Dealers & Securities Exchanges ETF,-,US4642887941,464288794,1899-12-30 0:00,0.42,0.42,Equity,All Cap,North America,Developed,United States,https://www.ishares.com/us/products/239504/ishares-us-brokerdealers-etf
PICK,iShares MSCI Global Metals & Mining Producers ETF,-,US46434G8481,46434G848,1899-12-30 0:00,0.39,0.39,Equity,All Cap,Global,Developed,Broad,https://www.ishares.com/us/products/239655/ishares-msci-global-metals-mining-producers-etf
JKJ,iShares Morningstar Small-Cap ETF,-,US4642885051,464288505,1899-12-30 0:00,0.25,0.25,Equity,Small Cap,North America,Developed,United States,https://www.ishares.com/us/products/239586/ishares-morningstar-smallcap-etf
EPHE,iShares MSCI Philippines ETF,-,US46429B4086,46429B408,1899-12-30 0:00,0.59,0.59,Equity,All Cap,Asia Pacific,Emerging,Philippines,https://www.ishares.com/us/products/239675/ishares-msci-philippines-etf
JKK,iShares Morningstar Small-Cap Growth ETF,-,US4642886042,464288604,1899-12-30 0:00,0.3,0.3,Equity,Small Cap,North America,Developed,United States,https://www.ishares.com/us/products/239587/ishares-morningstar-smallcap-growth-etf
EWD,iShares MSCI Sweden ETF,-,US4642867562,464286756,1899-12-30 0:00,0.55,0.55,Equity,Large/Mid Cap,Europe,Developed,Sweden,https://www.ishares.com/us/products/239684/ishares-msci-sweden-etf
IBML,iBonds® Dec 2023 Term Muni Bond ETF,-,US46435G3184,46435G318,1899-12-30 0:00,0.18,0.18,Fixed Income,Municipals,North America,Developed,United States,https://www.ishares.com/us/products/287194/ishares-ibonds-dec-2023-term-muni-bond-etf-fund
MEAR,iShares Short Maturity Municipal Bond ETF,-,US46431W8385,46431W838,1899-12-30 0:00,0.25,0.25,Fixed Income,Municipals,North America,Developed,United States,https://www.ishares.com/us/products/272112/ishares-short-maturity-municipal-bond-etf
IEO,iShares U.S. Oil & Gas Exploration & Production ETF,-,US4642888519,464288851,1899-12-30 0:00,0.42,0.42,Equity,All Cap,North America,Developed,United States,https://www.ishares.com/us/products/239517/ishares-us-oil-gas-exploration-production-etf
RXI,iShares Global Consumer Discretionary ETF,-,US4642887453,464288745,1899-12-30 0:00,0.46,0.46,Equity,All Cap,Global,Developed,Broad,https://www.ishares.com/us/products/239739/ishares-global-consumer-discretionary-etf
IMTM,iShares Edge MSCI Intl Momentum Factor ETF,-,US46434V4499,46434V449,1899-12-30 0:00,0.3,0.3,Equity,Large/Mid Cap,Global,Developed,Broad,https://www.ishares.com/us/products/271538/ishares-msci-international-developed-momentum-factor-etf
CEMB,iShares J.P. Morgan EM Corporate Bond ETF,-,US4642862514,464286251,1899-12-30 0:00,0.5,0.5,Fixed Income,Credit,Global,Emerging,Broad,https://www.ishares.com/us/products/239525/ishares-emerging-markets-corporate-bond-etf
EWN,iShares MSCI Netherlands ETF,-,US4642868149,464286814,1899-12-30 0:00,0.5,0.5,Equity,All Cap,Europe,Developed,Netherlands,https://www.ishares.com/us/products/239671/ishares-msci-netherlands-etf
EEMS,iShares MSCI Emerging Markets Small-Cap ETF,-,US4642864759,464286475,1899-12-30 0:00,0.69,0.69,Equity,Small Cap,Global,Emerging,Broad,https://www.ishares.com/us/products/239642/ishares-msci-emerging-markets-smallcap-etf
GNMA,iShares GNMA Bond ETF,-,US46429B3336,46429B333,1899-12-30 0:00,0.18,0.15,Fixed Income,Mortgages,North America,Developed,United States,https://www.ishares.com/us/products/239461/ishares-gnma-bond-etf
SUSB,iShares ESG 1-5 Year USD Corporate Bond ETF,-,US46435G2434,46435G243,1899-12-30 0:00,0.12,0.12,Fixed Income,Credit,North America,Developed,United States,https://www.ishares.com/us/products/288490/ishares-esg-1-5-year-usd-corporate-bond-etf-fund
JXI,iShares Global Utilities ETF,-,US4642887115,464288711,1899-12-30 0:00,0.46,0.46,Equity,All Cap,Global,Developed,Broad,https://www.ishares.com/us/products/239753/ishares-global-utilities-etf
GHYG,iShares US & Intl High Yield Corp Bond ETF,-,US4642861789,464286178,1899-12-30 0:00,0.4,0.4,Fixed Income,High Yield,Global,Developed,Broad,https://www.ishares.com/us/products/239551/ishares-global-high-yield-corporate-bond-etf
HEEM,iShares Currency Hedged MSCI Emerging Markets ETF,-,US46434G5099,46434G509,1899-12-30 0:00,1.46,0.68,Equity,Large/Mid Cap,Global,Emerging,Broad,https://www.ishares.com/us/products/268704/ishares-currency-hedged-msci-emerging-markets
BKF,iShares MSCI BRIC ETF,-,US4642866572,464286657,1899-12-30 0:00,0.69,0.69,Equity,Large/Mid Cap,Global,Emerging,Broad,https://www.ishares.com/us/products/239614/ishares-msci-bric-etf
FALN,iShares Fallen Angels USD Bond ETF,-,US46435G4745,46435G474,1899-12-30 0:00,0.25,0.25,Fixed Income,High Yield,North America,Developed,United States,https://www.ishares.com/us/products/283855/ishares-fallen-angels-usd-bond-etf-fund
ENZL,iShares MSCI New Zealand ETF,-,US4642891232,464289123,1899-12-30 0:00,0.5,0.5,Equity,All Cap,Asia Pacific,Developed,New Zealand,https://www.ishares.com/us/products/239672/ishares-msci-new-zealand-capped-etf
EAGG,iShares ESG U.S. Aggregate Bond ETF,-,US46435U5496,46435U549,1899-12-30 0:00,0.11,0.10,Fixed Income,Multi Sectors,North America,Developed,United States,https://www.ishares.com/us/products/305252/ishares-esg-u-s-aggregate-bond-etf-fund
EWZS,iShares MSCI Brazil Small-Cap ETF,-,US4642891315,464289131,1899-12-30 0:00,0.59,0.59,Equity,Small Cap,Latin America,Emerging,Brazil,https://www.ishares.com/us/products/239613/ishares-msci-brazil-smallcap-etf
FIBR,iShares Edge U.S. Fixed Income Balanced Risk ETF,-,US46435U7963,46435U796,1899-12-30 0:00,0.26,0.25,Fixed Income,Multi Sectors,North America,Developed,United States,https://www.ishares.com/us/products/271544/ishares-us-fixed-income-balanced-risk-etf
BYLD,iShares Yield Optimized Bond ETF,-,US46434V7872,46434V787,1899-12-30 0:00,0.48,0.20,Fixed Income,Multi Sectors,North America,Developed,United States,https://www.ishares.com/us/products/264127/ishares-yield-optimized-bond-etf
TOK,iShares MSCI Kokusai ETF,-,US4642882652,464288265,1899-12-30 0:00,0.25,0.25,Equity,Large/Mid Cap,Global,Developed,Broad,https://www.ishares.com/us/products/239668/ishares-msci-kokusai-etf
HEWG,iShares Currency Hedged MSCI Germany ETF,-,US46434V7047,46434V704,1899-12-30 0:00,1.02,0.53,Equity,Large/Mid Cap,Europe,Developed,Germany,https://www.ishares.com/us/products/259623/ishares-currency-hedged-msci-germany-etf
EPU,iShares MSCI Peru ETF,-,US4642898427,464289842,1899-12-30 0:00,0.59,0.59,Equity,All Cap,Latin America,Emerging,Peru,https://www.ishares.com/us/products/239606/ishares-msci-all-peru-capped-etf
IEUS,iShares MSCI Europe Small-Cap ETF,-,US4642884971,464288497,1899-12-30 0:00,0.4,0.4,Equity,Small Cap,Europe,Developed,Broad,https://www.ishares.com/us/products/239537/ishares-developed-smallcap-ex-north-america-etf
IBDC,iBonds® Mar 2020 Term Corporate ETF,-,US46432FBC05,46432FBC0,1899-12-30 0:00,0.1,0.1,Fixed Income,Credit,North America,Developed,United States,https://www.ishares.com/us/products/254553/isharesbond-mar-2020-corporate-term-etf
GBF,iShares Government/Credit Bond ETF,-,US4642885960,464288596,1899-12-30 0:00,0.2,0.2,Fixed Income,Multi Sectors,North America,Developed,United States,https://www.ishares.com/us/products/239462/ishares-governmentcredit-bond-etf
IBDT,iBonds® Dec 2028 Term Corporate ETF,-,US46435U5157,46435U515,1899-12-30 0:00,0.1,0.1,Fixed Income,Credit,North America,Developed,United States,https://www.ishares.com/us/products/304570/ishares-ibonds-dec-2028-term-corporate-etf-fund
EWUS,iShares MSCI United Kingdom Small-Cap ETF,-,US46429B4169,46429B416,1899-12-30 0:00,0.59,0.59,Equity,Small Cap,Europe,Developed,United Kingdom,https://www.ishares.com/us/products/239691/ishares-msci-united-kingdom-smallcap-etf
IBMM,iBonds® Dec 2024 Term Muni Bond ETF,-,US46435U6973,46435U697,1899-12-30 0:00,0.18,0.18,Fixed Income,Municipals,North America,Developed,United States,https://www.ishares.com/us/products/282961/ishares-ibonds-dec-2024-term-muni-bond-etf
ESML,iShares ESG MSCI USA Small-Cap ETF,-,US46435U6635,46435U663,1899-12-30 0:00,0.17,0.17,Equity,All Cap,North America,Developed,United States,https://www.ishares.com/us/products/296644/ishares-esg-msci-usa-small-cap-etf-fund
ACWF,iShares Edge MSCI Multifactor Global ETF,-,US46434V3160,46434V316,1899-12-30 0:00,0.35,0.35,Equity,Large/Mid Cap,Global,Developed,Broad,https://www.ishares.com/us/products/272821/ishares-msci-global-multi-factor-etf
EIS,iShares MSCI Israel ETF,-,US4642866325,464286632,1899-12-30 0:00,0.59,0.59,Equity,All Cap,Europe,Developed,Israel,https://www.ishares.com/us/products/239663/ishares-msci-israel-capped-etf
HYGH,iShares Interest Rate Hedged High Yield Bond ETF,-,US46431W6066,46431W606,1899-12-30 0:00,1.13,0.53,Fixed Income,High Yield,North America,Developed,United States,https://www.ishares.com/us/products/264544/ishares-interest-rate-hedged-high-yield-bond-etf
WPS,iShares International Developed Property ETF,-,US4642884229,464288422,1899-12-30 0:00,0.48,0.48,Real Estate,Real Estate Securities,Global,Developed,Broad,https://www.ishares.com/us/products/239734/ishares-international-developed-property-etf
IMTB,iShares Core 5-10 Year USD Bond ETF,-,US46435G4174,46435G417,1899-12-30 0:00,0.08,0.06,Fixed Income,Multi Sectors,North America,Developed,United States,https://www.ishares.com/us/products/285539/ishares-core-5-10-year-usd-bond-etf-fund
LQDH,iShares Interest Rate Hedged Corporate Bond ETF,-,US46431W7056,46431W705,1899-12-30 0:00,0.45,0.25,Fixed Income,Credit,North America,Developed,United States,https://www.ishares.com/us/products/264542/ishares-interest-rate-hedged-corporate-bond-etf
ISCF,iShares Edge MSCI Multifactor Intl Small-Cap ETF,-,US46434V2667,46434V266,1899-12-30 0:00,0.4,0.4,Equity,Small Cap,Global,Developed,Broad,https://www.ishares.com/us/products/272823/ishares-msci-international-small-cap-multi-factor-etf
IGRO,iShares International Dividend Growth ETF,-,US46435G5247,46435G524,1899-12-30 0:00,0.22,0.22,Equity,Large/Mid Cap,Global,Developed,Broad,https://www.ishares.com/us/products/283737/ishares-international-dividend-growth-etf-fund
SLVP,iShares MSCI Global Silver and Metals Miners ETF,-,US4642863272,464286327,1899-12-30 0:00,0.39,0.39,Equity,All Cap,Global,Developed,Broad,https://www.ishares.com/us/products/239656/ishares-msci-global-silver-miners-etf
IAK,iShares U.S. Insurance ETF,-,US4642887867,464288786,1899-12-30 0:00,0.43,0.43,Equity,All Cap,North America,Developed,United States,https://www.ishares.com/us/products/239515/ishares-us-insurance-etf
SUSC,iShares ESG USD Corporate Bond ETF,-,US46435G1931,46435G193,1899-12-30 0:00,0.18,0.18,Fixed Income,Credit,North America,Developed,United States,https://www.ishares.com/us/products/288488/ishares-esg-usd-corporate-bond-etf-fund
JPXN,iShares JPX-Nikkei 400 ETF,-,US4642873826,464287382,1899-12-30 0:00,0.48,0.48,Equity,Large/Mid Cap,Asia Pacific,Developed,Japan,https://www.ishares.com/us/products/239831/ishares-japan-largecap-etf
SCJ,iShares MSCI Japan Small-Cap ETF,-,US4642865822,464286582,1899-12-30 0:00,0.49,0.49,Equity,Small Cap,Asia Pacific,Developed,Japan,https://www.ishares.com/us/products/239666/ishares-msci-japan-smallcap-etf
IGEB,iShares Edge Investment Grade Enhanced Bond ETF,-,US46435G2194,46435G219,1899-12-30 0:00,0.18,0.18,Fixed Income,Credit,North America,Developed,United States,https://www.ishares.com/us/products/288302/ishares-edge-investment-grade-enhanced-bond-etf-fund
HAWX,iShares Currency Hedged MSCI ACWI ex U.S. ETF,-,US46435G8472,46435G847,1899-12-30 0:00,0.70,0.35,Equity,Large/Mid Cap,Global,Developed,Broad,https://www.ishares.com/us/products/273768/ishares-currency-hedged-msci-acwi-ex-us-etf
SDG,iShares MSCI Global Impact ETF,-,US46435G5320,46435G532,1899-12-30 0:00,0.49,0.49,Equity,Large/Mid Cap,Global,Developed,Broad,https://www.ishares.com/us/products/283378/ishares-msci-global-impact-etf-fund
IBDD,iBonds® Mar 2023 Term Corporate ETF,-,US46432FAZ09,46432FAZ0,1899-12-30 0:00,0.1,0.1,Fixed Income,Credit,North America,Developed,United States,https://www.ishares.com/us/products/254555/isharesbond-mar-2023-corporate-term-etf
IBCD,iBonds® Mar 2020 Term Corporate ex-Financials ETF,-,US46432FAK30,46432FAK3,1899-12-30 0:00,0.1,0.1,Fixed Income,Credit,North America,Developed,United States,https://www.ishares.com/us/products/251476/isharesbond-mar-2020-corporate-exfinancials-term-etf
IEZ,iShares U.S. Oil Equipment & Services ETF,-,US4642888444,464288844,1899-12-30 0:00,0.42,0.42,Equity,All Cap,North America,Developed,United States,https://www.ishares.com/us/products/239518/ishares-us-oil-equipment-services-etf
EWO,iShares MSCI Austria ETF,-,US4642862027,464286202,1899-12-30 0:00,0.49,0.49,Equity,All Cap,Europe,Developed,Austria,https://www.ishares.com/us/products/239609/ishares-msci-austria-capped-etf
QAT,iShares MSCI Qatar ETF,-,US46434V7799,46434V779,1899-12-30 0:00,0.59,0.59,Equity,All Cap,Middle East and Africa,Emerging,Qatar,https://www.ishares.com/us/products/264273/ishares-msci-qatar-capped-etf
DYNF,BlackRock U.S. Equity Factor Rotation ETF,-,US09290C1036,09290C103,1899-12-30 0:00,0.3,0.3,Equity,Large/Mid Cap,North America,Developed,United States,https://www.ishares.com/us/products/307283/blackrock-u-s-equity-factor-rotation-etf-fund
EIRL,iShares MSCI Ireland ETF,-,US46429B5075,46429B507,1899-12-30 0:00,0.49,0.49,Equity,All Cap,Europe,Developed,Ireland,https://www.ishares.com/us/products/239662/ishares-msci-ireland-capped-etf
IRBO,iShares Robotics and Artificial Intelligence Multisector ETF,-,US46435U5561,46435U556,1899-12-30 0:00,0.47,0.47,Equity,All Cap,Global,Developed,Broad,https://www.ishares.com/us/products/297905/ishares-robotics-and-artificial-intelligence-multisector-etf-fund
HEWU,iShares Currency Hedged MSCI United Kingdom ETF,-,US46435G8621,46435G862,1899-12-30 0:00,1.12,0.50,Equity,Large/Mid Cap,Europe,Developed,United Kingdom,https://www.ishares.com/us/products/273763/ishares-currency-hedged-msci-united-kingdom-etf
ISHG,iShares 1-3 Year International Treasury Bond ETF,-,US4642881258,464288125,1899-12-30 0:00,0.35,0.35,Fixed Income,Government,Global,Developed,Broad,https://www.ishares.com/us/products/239829/ishares-13-year-international-treasury-bond-etf
IGN,iShares North American Tech-Multimedia Networking ETF,-,US4642875318,464287531,1899-12-30 0:00,0.46,0.46,Equity,All Cap,North America,Developed,United States,https://www.ishares.com/us/products/239770/ishares-north-american-techmultimedia-networking-etf
UAE,iShares MSCI UAE ETF,-,US46434V7617,46434V761,1899-12-30 0:00,0.59,0.59,Equity,All Cap,Middle East and Africa,Emerging,United Arab Emirates,https://www.ishares.com/us/products/264275/ishares-msci-uae-capped-etf
IGBH,iShares Interest Rate Hedged Long-Term Corporate Bond ETF,-,US46431W8120,46431W812,1899-12-30 0:00,0.41,0.16,Fixed Income,Credit,North America,Developed,United States,https://www.ishares.com/us/products/275397/ishares-interest-rate-hedged-10-year-credit-bond-etf
IBMN,iBonds® Dec 2025 Term Muni Bond ETF,-,US46435U4325,46435U432,1899-12-30 0:00,0.18,0.18,Fixed Income,Municipals,North America,Developed,United States,https://www.ishares.com/us/products/282964/ishares-ibonds-dec-2025-term-muni-bond-etf
SMMD,iShares Russell 2500 ETF,-,US46435G2681,46435G268,1899-12-30 0:00,0.24,0.15,Equity,Mid/Small Cap,North America,Developed,United States,https://www.ishares.com/us/products/288024/ishares-russell-2500-etf-fund
BGRN,iShares Global Green Bond ETF,-,US46435U4408,46435U440,1899-12-30 0:00,0.25,0.20,Fixed Income,Multi Sectors,Global,Developed,Broad,https://www.ishares.com/us/products/305296/ishares-global-green-bond-etf-fund
EWK,iShares MSCI Belgium ETF,-,US4642863017,464286301,1899-12-30 0:00,0.49,0.49,Equity,All Cap,Europe,Developed,Belgium,https://www.ishares.com/us/products/239610/ishares-msci-belgium-capped-etf
HEWC,iShares Currency Hedged MSCI Canada ETF,-,US46435G7060,46435G706,1899-12-30 0:00,1.11,0.52,Equity,Large/Mid Cap,North America,Developed,Canada,https://www.ishares.com/us/products/273775/ishares-currency-hedged-msci-canada-etf
FILL,iShares MSCI Global Energy Producers ETF,-,US4642863439,464286343,1899-12-30 0:00,0.39,0.39,Equity,All Cap,Global,Developed,Broad,https://www.ishares.com/us/products/239653/ishares-msci-global-energy-producers-etf
HYXU,iShares International High Yield Bond ETF,-,US4642862100,464286210,1899-12-30 0:00,0.4,0.4,Fixed Income,High Yield,Global,Developed,Broad,https://www.ishares.com/us/products/239550/ishares-global-ex-usd-high-yield-corporate-bond-etf
IPFF,iShares International Preferred Stock ETF,-,US46429B1355,46429B135,1899-12-30 0:00,0.55,0.55,Equity,All Cap,Global,Developed,Broad,https://www.ishares.com/us/products/239759/ishares-international-preferred-stock-etf
EDEN,iShares MSCI Denmark ETF,-,US46429B5232,46429B523,1899-12-30 0:00,0.53,0.53,Equity,All Cap,Europe,Developed,Denmark,https://www.ishares.com/us/products/239621/ishares-msci-denmark-capped-etf
HYDB,iShares Edge High Yield Defensive Bond ETF,-,US46435G2509,46435G250,1899-12-30 0:00,0.35,0.35,Fixed Income,High Yield,North America,Developed,United States,https://www.ishares.com/us/products/288478/ishares-edge-high-yield-defensive-bond-etf-fund
EWGS,iShares MSCI Germany Small-Cap ETF,-,US46429B4656,46429B465,1899-12-30 0:00,0.59,0.59,Equity,Small Cap,Europe,Developed,Germany,https://www.ishares.com/us/products/239651/ishares-msci-germany-smallcap-etf
DVYA,iShares Asia/Pacific Dividend ETF,-,US4642862936,464286293,1899-12-30 0:00,0.49,0.49,Equity,All Cap,Asia Pacific,Developed,Broad,https://www.ishares.com/us/products/239443/ishares-asiapacific-dividend-etf
HSCZ,iShares Currency Hedged MSCI EAFE Small-Cap ETF,-,US46435G8399,46435G839,1899-12-30 0:00,0.83,0.43,Equity,Small Cap,Global,Developed,Broad,https://www.ishares.com/us/products/273771/ishares-currency-hedged-msci-eafe-small-cap-etf
ECNS,iShares MSCI China Small-Cap ETF,-,US46429B2007,46429B200,1899-12-30 0:00,0.59,0.59,Equity,Small Cap,Asia Pacific,Emerging,China,https://www.ishares.com/us/products/239620/ishares-msci-china-smallcap-etf
JPMV,iShares Edge MSCI Min Vol Japan ETF,-,US46434V7120,46434V712,1899-12-30 0:00,0.3,0.3,Equity,Large/Mid Cap,Asia Pacific,Developed,Japan,https://www.ishares.com/us/products/264613/ishares-msci-japan-minimum-volatility-etf
IBDU,iBonds® Dec 2029 Term Corporate ETF,-,US46436E2054,46436E205,1899-12-30 0:00,0.1,0.1,Fixed Income,Credit,North America,Developed,United States,https://www.ishares.com/us/products/310035/ishares-ibonds-dec-2029-term-corporate-etf-fund
IBMQ,iBonds® Dec 2028 Term Muni Bond ETF,-,US46435U3251,46435U325,1899-12-30 0:00,0.18,0.18,Fixed Income,Municipals,North America,Developed,United States,https://www.ishares.com/us/products/308051/ishares-ibonds-dec-2028-term-muni-bond-etf-fund
HYXE,iShares iBoxx $ High Yield ex Oil & Gas Corporate Bond ETF,-,US46435G4414,46435G441,1899-12-30 0:00,0.5,0.5,Fixed Income,High Yield,North America,Developed,United States,https://www.ishares.com/us/products/283857/ishares-iboxx-high-yield-ex-oil-gas-corporate-bond-etf-fund
EMXC,iShares MSCI Emerging Markets ex China ETF,-,US46434G7640,46434G764,1899-12-30 0:00,0.57,0.49,Equity,All Cap,Global,Emerging,Broad,https://www.ishares.com/us/products/288504/ishares-msci-emerging-markets-ex-china-etf-fund
EFNL,iShares MSCI Finland ETF,-,US46429B5158,46429B515,1899-12-30 0:00,0.53,0.53,Equity,All Cap,Europe,Developed,Finland,https://www.ishares.com/us/products/239647/ishares-msci-finland-capped-etf
IDRV,iShares Self-Driving EV and Tech ETF,-,US46435U3665,46435U366,1899-12-30 0:00,0.47,0.47,Equity,All Cap,Global,Developed,Broad,https://www.ishares.com/us/products/307332/ishares-self-driving-ev-and-tech-etf-fund
FOVL,iShares Focused Value Factor ETF,-,US46435U3335,46435U333,1899-12-30 0:00,0.25,0.25,Equity,Large/Mid Cap,North America,Developed,United States,https://www.ishares.com/us/products/307330/ishares-focused-value-factor-etf-fund
IFEU,iShares Europe Developed Real Estate ETF,-,US4642884716,464288471,1899-12-30 0:00,0.48,0.48,Real Estate,Real Estate Securities,Europe,Developed,Broad,https://www.ishares.com/us/products/239539/ishares-europe-developed-real-estate-etf
EUMV,iShares Edge MSCI Min Vol Europe ETF,-,US46434V7203,46434V720,1899-12-30 0:00,0.25,0.25,Equity,Large/Mid Cap,Europe,Developed,Broad,https://www.ishares.com/us/products/264611/ishares-msci-europe-minimum-volatility-etf
VEGI,iShares MSCI Global Agriculture Producers ETF,-,US4642863504,464286350,1899-12-30 0:00,0.39,0.39,Equity,All Cap,Global,Developed,Broad,https://www.ishares.com/us/products/239652/ishares-msci-global-agriculture-producers-etf
IDNA,iShares Genomics Immunology and Healthcare ETF,-,US46435U1925,46435U192,1899-12-30 0:00,0.47,0.47,Equity,All Cap,Global,Developed,Broad,https://www.ishares.com/us/products/308878/ishares-genomics-immunology-and-healthcare-etf-fund
CMDY,iShares Bloomberg Roll Select Commodity Strategy ETF,-,US46431W5985,46431W598,1899-12-30 0:00,0.29,0.28,Commodity,Multi Commodity,Global,Developed,Broad,https://www.ishares.com/us/products/292741/ishares-bloomberg-roll-select-commodity-strategy-etf-fund
IBMO,iBonds® Dec 2026 Term Muni Bond ETF,-,US46435U2592,46435U259,1899-12-30 0:00,0.18,0.18,Fixed Income,Municipals,North America,Developed,United States,https://www.ishares.com/us/products/308047/ishares-ibonds-dec-2026-term-muni-bond-etf-fund
IBCE,iBonds® Mar 2023 Term Corporate ex-Financials ETF,-,US46432FAN78,46432FAN7,1899-12-30 0:00,0.1,0.1,Fixed Income,Credit,North America,Developed,United States,https://www.ishares.com/us/products/251477/isharesbond-mar-2023-corporate-exfinancials-term-etf
EMIF,iShares Emerging Markets Infrastructure ETF,-,US4642882165,464288216,1899-12-30 0:00,0.75,0.75,Equity,All Cap,Global,Emerging,Broad,https://www.ishares.com/us/products/239735/ishares-emerging-markets-infrastructure-etf
ENOR,iShares MSCI Norway ETF,-,US46429B4995,46429B499,1899-12-30 0:00,0.53,0.53,Equity,All Cap,Europe,Developed,Norway,https://www.ishares.com/us/products/239673/ishares-msci-norway-capped-etf
ICOL,iShares MSCI Colombia ETF,-,US46434G2021,46434G202,1899-12-30 0:00,0.61,0.61,Equity,All Cap,Latin America,Emerging,Colombia,https://www.ishares.com/us/products/254562/ishares-msci-colombia-capped-etf
IETC,iShares Evolved U.S. Technology ETF,-,US46431W6488,46431W648,1899-12-30 0:00,0.18,0.18,Equity,All Cap,North America,Developed,United States,https://www.ishares.com/us/products/292425/ishares-evolved-u-s-technology-etf-fund
IBMP,iBonds® Dec 2027 Term Muni Bond ETF,-,US46435U2832,46435U283,1899-12-30 0:00,0.18,0.18,Fixed Income,Municipals,North America,Developed,United States,https://www.ishares.com/us/products/308049/ishares-ibonds-dec-2027-term-muni-bond-etf-fund
AGT,iShares MSCI Argentina and Global Exposure ETF,-,US46435G2764,46435G276,1899-12-30 0:00,0.59,0.59,Equity,All Cap,Latin America,Frontier,Argentina,https://www.ishares.com/us/products/287286/ishares-msci-argentina-and-global-exposure-etf-fund
ISZE,iShares Edge MSCI Intl Size Factor ETF,-,US46435G5080,46435G508,1899-12-30 0:00,0.3,0.3,Equity,Large/Mid Cap,Global,Developed,Broad,https://www.ishares.com/us/products/275384/ishares-msci-international-developed-size-factor-etf
DIVB,iShares U.S. Dividend and Buyback ETF,-,US46435U8615,46435U861,1899-12-30 0:00,0.25,0.25,Equity,All Cap,North America,Developed,United States,https://www.ishares.com/us/products/291387/ishares-u-s-dividend-and-buyback-etf-fund
IEDI,iShares Evolved U.S. Discretionary Spending ETF,-,US46431W6637,46431W663,1899-12-30 0:00,0.18,0.18,Equity,All Cap,North America,Developed,United States,https://www.ishares.com/us/products/292414/ishares-evolved-u-s-discretionary-spending-etf-fund
IBHE,iBonds® 2025 Term High Yield and Income ETF,-,US46435U1685,46435U168,1899-12-30 0:00,0.35,0.35,Fixed Income,High Yield,North America,Developed,United States,https://www.ishares.com/us/products/308567/ishares-ibonds-2025-term-high-yield-and-income-etf-fund
IBHD,iBonds® 2024 Term High Yield and Income ETF,-,US46435U1842,46435U184,1899-12-30 0:00,0.35,0.35,Fixed Income,High Yield,North America,Developed,United States,https://www.ishares.com/us/products/308565/ishares-ibonds-2024-term-high-yield-and-income-etf-fund
IBHC,iBonds® 2023 Term High Yield and Income ETF,-,US46435U1503,46435U150,1899-12-30 0:00,0.35,0.35,Fixed Income,High Yield,North America,Developed,United States,https://www.ishares.com/us/products/308563/ishares-ibonds-2023-term-high-yield-and-income-etf-fund
IBHA,iBonds® 2021 Term High Yield and Income ETF,-,US46435U2261,46435U226,1899-12-30 0:00,0.35,0.35,Fixed Income,High Yield,North America,Developed,United States,https://www.ishares.com/us/products/308559/ishares-ibonds-2021-term-high-yield-and-income-etf-fund
IEHS,iShares Evolved U.S. Healthcare Staples ETF,-,US46431W6892,46431W689,1899-12-30 0:00,0.18,0.18,Equity,All Cap,North America,Developed,United States,https://www.ishares.com/us/products/292422/ishares-evolved-u-s-healthcare-staples-etf-fund
DEFA,iShares Adaptive Currency Hedged MSCI EAFE ETF,-,US46435G6567,46435G656,1899-12-30 0:00,0.70,0.35,Equity,Large/Mid Cap,Global,Developed,Broad,https://www.ishares.com/us/products/280769/ishares-adaptive-currency-hedged-msci-eafe-etf
IHAK,iShares Cybersecurity and Tech ETF,-,US46435U1354,46435U135,1899-12-30 0:00,0.47,0.47,Equity,Large/Mid Cap,Global,Developed,Broad,https://www.ishares.com/us/products/307352/ishares-cybersecurity-and-tech-etf-fund
IBHB,iBonds® 2022 Term High Yield and Income ETF,-,US46435U1768,46435U176,1899-12-30 0:00,0.35,0.35,Fixed Income,High Yield,North America,Developed,United States,https://www.ishares.com/us/products/308561/ishares-ibonds-2022-term-high-yield-and-income-etf-fund
HEWL,iShares Currency Hedged MSCI Switzerland ETF,-,US46435G8704,46435G870,1899-12-30 0:00,1.12,0.53,Equity,Large/Mid Cap,Europe,Developed,Switzerland,https://www.ishares.com/us/products/273759/ishares-currency-hedged-msci-switzerland-etf
IECS,iShares Evolved U.S. Consumer Staples ETF,-,US46431W6710,46431W671,1899-12-30 0:00,0.18,0.18,Equity,All Cap,North America,Developed,United States,https://www.ishares.com/us/products/292415/ishares-evolved-u-s-consumer-staples-etf-fund
LQDI,iShares Inflation Hedged Corporate Bond ETF,-,US46431W5803,46431W580,1899-12-30 0:00,0.34,0.19,Fixed Income,Credit,North America,Developed,United States,https://www.ishares.com/us/products/294319/ishares-inflation-hedged-corporate-bond-etf-fund
IAUF,iShares Gold Strategy ETF,-,US46431W6140,46431W614,1899-12-30 0:00,0.32,0.25,Commodity,Precious Metals,Global,Developed,Broad,https://www.ishares.com/us/products/293782/ishares-gold-strategy-etf-fund
HEWP,iShares Currency Hedged MSCI Spain ETF,-,US46435G8134,46435G813,1899-12-30 0:00,1.12,0.53,Equity,Large/Mid Cap,Europe,Developed,Spain,https://www.ishares.com/us/products/273753/ishares-currency-hedged-msci-spain-etf
EWJV,iShares MSCI Japan Value ETF,-,US46435U3749,46435U374,1899-12-30 0:00,0.15,0.15,Equity,Large/Mid Cap,Asia Pacific,Developed,Japan,https://www.ishares.com/us/products/307263/ishares-msci-japan-value-etf-fund
EMBH,iShares Interest Rate Hedged Emerging Markets Bond ETF,-,US46431W8203,46431W820,1899-12-30 0:00,1.13,0.48,Fixed Income,Government,Global,Emerging,Broad,https://www.ishares.com/us/products/275399/ishares-interest-rate-hedged-emerging-markets-bond-etf
IFRA,iShares U.S. Infrastructure ETF,-,US46435U7138,46435U713,1899-12-30 0:00,0.4,0.4,Equity,All Cap,North America,Developed,United States,https://www.ishares.com/us/products/294315/ishares-u-s-infrastructure-etf-fund
EWJE,iShares MSCI Japan Equal Weighted ETF,-,US46435U3822,46435U382,1899-12-30 0:00,0.15,0.15,Equity,Large/Mid Cap,Asia Pacific,Developed,Japan,https://www.ishares.com/us/products/307265/ishares-msci-japan-equal-weighted-etf-fund
IEME,iShares Evolved U.S. Media and Entertainment ETF,-,US46431W6306,46431W630,1899-12-30 0:00,0.18,0.18,Equity,All Cap,North America,Developed,United States,https://www.ishares.com/us/products/292424/ishares-evolved-u-s-media-and-entertainment-etf-fund
IEIH,iShares Evolved U.S. Innovative Healthcare ETF,-,US46431W6223,46431W622,1899-12-30 0:00,0.18,0.18,Equity,All Cap,North America,Developed,United States,https://www.ishares.com/us/products/292423/ishares-evolved-u-s-innovative-healthcare-etf-fund
IEFN,iShares Evolved U.S. Financials ETF,-,US46431W6553,46431W655,1899-12-30 0:00,0.18,0.18,Equity,All Cap,North America,Developed,United States,https://www.ishares.com/us/products/292421/ishares-evolved-u-s-financials-etf-fund
TECB,U.S. Tech Breakthrough Multisector ETF,-,US46436E5024,46436E502,1899-12-30 0:00,0.4,0.4,Equity,All Cap,North America,Developed,United States,https://www.ishares.com/us/products/312046/ishares-u-s-tech-breakthrough-multisector-etf-fund
STLV,iShares Factors US Value Style ETF,-,US46436E3045,46436E304,1899-12-30 0:00,0.25,0.25,Equity,Large/Mid Cap,North America,Developed,United States,https://www.ishares.com/us/products/312214/ishares-factors-us-value-style-etf-fund
STLG,iShares Factors US Growth Style ETF,-,US46436E4035,46436E403,1899-12-30 0:00,0.25,0.25,Equity,Large/Mid Cap,North America,Developed,United States,https://www.ishares.com/us/products/312212/ishares-factors-us-growth-style-etf-fund
AMCA,iShares Russell 1000 Pure U.S. Revenue ETF,BYX1223,US46435G1691,46435G169,1899-12-30 0:00,0.15,0.15,Equity,Large/Mid Cap,North America,Developed,United States,https://www.ishares.com/us/products/290127/ishares-russell-1000-pure-u-s-revenue-etf-fund
HJPX,iShares Currency Hedged JPX-Nikkei 400 ETF,-,US46435G7227,46435G722,1899-12-30 0:00,1.07,0.48,Equity,Large/Mid Cap,Asia Pacific,Developed,Japan,https://www.ishares.com/us/products/279286/ishares-currency-hedged-jpx-nikkei-400-etf
MIDF,iShares Edge MSCI Multifactor USA Mid-Cap ETF,-,US46435U1438,46435U143,1899-12-30 0:00,0.25,0.25,Equity,Mid Cap,North America,Developed,United States,https://www.ishares.com/us/products/308876/ishares-edge-msci-multifactor-usa-mid-cap-etf-fund
HAUD,iShares Currency Hedged MSCI Australia ETF,-,US46435G6070,46435G607,1899-12-30 0:00,1.12,0.53,Equity,Large/Mid Cap,Asia Pacific,Developed,Australia,https://www.ishares.com/us/products/273743/ishares-currency-hedged-msci-australia-etf
HEWY,iShares Currency Hedged MSCI South Korea ETF,-,US46435G8886,46435G888,1899-12-30 0:00,1.36,0.59,Equity,Large/Mid Cap,Asia Pacific,Emerging,South Korea,https://www.ishares.com/us/products/273750/ishares-currency-hedged-msci-south-korea-etf
HEWI,iShares Currency Hedged MSCI Italy ETF,-,US46435G8217,46435G821,1899-12-30 0:00,1.11,0.49,Equity,Large/Mid Cap,Europe,Developed,Italy,https://www.ishares.com/us/products/273746/ishares-currency-hedged-msci-italy-etf
HEWW,iShares Currency Hedged MSCI Mexico ETF,-,US46435G8050,46435G805,1899-12-30 0:00,1.11,0.52,Equity,Large/Mid Cap,Latin America,Emerging,Mexico,https://www.ishares.com/us/products/273748/ishares-currency-hedged-msci-mexico-etf
,,,,,,,,,,,,,
