Bolagsnamn;Land;Lista;Sektor;Bransch;Ticker
AarhusKarlshamn;Sverige;Large Cap;Dagligvaror;Livsmedel;AAK
ABB;Sverige;Large Cap;Industri;Industrimaskiner;ABB
Acando;Sverige;Mid Cap;Informationsteknik;IT-Konsulter;ACAN B
Active Biotech;Sverige;Small Cap;Hälsovård;Biotech;ACTI
Addnode;Sverige;Mid Cap;Informationsteknik;IT-Konsulter;ANOD B
Addtech;Sverige;Large Cap;Industri;Industrikomponenter;ADDT B
Alfa Laval;Sverige;Large Cap;Industri;Industrikomponenter;ALFA
A3 Allmänna IT- och Telekom;Sverige;Small Cap;Telekommunikation;Bredband & Telefoni;ATRE
Anoto;Sverige;Small Cap;Informationsteknik;Elektronisk Utrustning;ANOT
Arise Windpower;Sverige;Small Cap;Kraftförsörjning;Vindkraft;ARISE
Assa Abloy;Sverige;Large Cap;Industri;Byggmaterial;ASSA B
AstraZeneca;Sverige;Large Cap;Hälsovård;Läkemedel;AZN
Atlas Copco A;Sverige;Large Cap;Industri;Industrimaskiner;ATCO A
Atrium Ljungberg;Sverige;Large Cap;Finans & Fastighet;Fastighetsbolag;ATRLJ B
Autoliv;Sverige;Large Cap;Sällanköpsvaror;Bil & Motor;ALIV SDB
Avanza;Sverige;Large Cap;Finans & Fastighet;Nischbanker;AZA
Axfood;Sverige;Large Cap;Dagligvaror;Livsmedelsbutiker;AXFO
Bergman & Beving;Sverige;Mid Cap;Industri;Industrikomponenter;BERG B
BE Group;Sverige;Small Cap;Industri;Industrikomponenter;BEGR
Beijer Ref;Sverige;Large Cap;Industri;Installation & VVS;BEIJ B
Beijer Alma;Sverige;Mid Cap;Industri;Industrikomponenter;BEIA B
Beijer Electronics;Sverige;Small Cap;Informationsteknik;Datorer & Hårdvara;BELE
Bergs Timber;Sverige;Small Cap;Material;Skogsbolag;BRG B
Betsson;Sverige;Large Cap;Sällanköpsvaror;Betting & Casino;BETS B
Bilia;Sverige;Mid Cap;Sällanköpsvaror;Bil & Motor;BILI A
BillerudKorsnäs;Sverige;Large Cap;Material;Skogsbolag;BILL
BioGaia;Sverige;Mid Cap;Dagligvaror;Hälsoprodukter;BIOG B
Bioinvent;Sverige;Small Cap;Hälsovård;Biotech;BINV
Biotage;Sverige;Mid Cap;Hälsovård;Medicinsk Utrustning;BIOT
Björn Borg;Sverige;Small Cap;Sällanköpsvaror;Kläder & Skor;BORG
Boliden;Sverige;Large Cap;Material;Gruv - Industrimetaller;BOL
Bong Ljungdahl;Sverige;Small Cap;Material;Förpackning;BONG
Brinova;Sverige;Small Cap;Finans & Fastighet;Fastighetsbolag;BRIN B
BTS Group;Sverige;Mid Cap;Industri;Affärskonsulter;BTS B
Bure Equity;Sverige;Mid Cap;Finans & Fastighet;Investmentbolag;BURE
Byggmax;Sverige;Mid Cap;Sällanköpsvaror;Detaljhandel;BMAX
Castellum;Sverige;Large Cap;Finans & Fastighet;Fastighetsbolag;CAST
Catena;Sverige;Mid Cap;Finans & Fastighet;Fastighetsbolag;CATE
Qliro Group;Sverige;Mid Cap;Informationsteknik;Betalning & E-handel;QLRO
CellaVision;Sverige;Mid Cap;Hälsovård;Medicinsk Utrustning;CEVI
Clas Ohlson;Sverige;Mid Cap;Sällanköpsvaror;Detaljhandel;CLAS B
Cloetta;Sverige;Mid Cap;Dagligvaror;Livsmedel;CLA B
Concordia Maritime;Sverige;Small Cap;Energi;Olja & Gas - Transport;CCOR B
Consilium;Sverige;Small Cap;Informationsteknik;Säkerhet & Bevakning;CONS B
Corem A;Sverige;Mid Cap;Finans & Fastighet;Fastighetsbolag;CORE A
CTT Systems;Sverige;Small Cap;Industri;Installation & VVS;CTT
Diamyd Medical;Sverige;First North;Hälsovård;Biotech;DMYD B
Diös;Sverige;Mid Cap;Finans & Fastighet;Fastighetsbolag;DIOS
Doro;Sverige;Small Cap;Sällanköpsvaror;Hemelektronik;DORO
Duni;Sverige;Mid Cap;Dagligvaror;Hygienprodukter;DUNI
Duroc;Sverige;Small Cap;Industri;Industrikomponenter;DURC B
Eastnine;Sverige;Mid Cap;Finans & Fastighet;Fastighetsbolag;EAST
Elanders;Sverige;Mid Cap;Sällanköpsvaror;Media & Publicering;ELAN B
Electra Gruppen;Sverige;Small Cap;Sällanköpsvaror;Hemelektronik;ELEC
Electrolux B;Sverige;Large Cap;Sällanköpsvaror;Hemelektronik;ELUX B
Elekta;Sverige;Large Cap;Hälsovård;Medicinsk Utrustning;EKTA B
Elos;Sverige;Small Cap;Hälsovård;Medicinsk Utrustning;ELOS B
Enea;Sverige;Mid Cap;Informationsteknik;IT-Konsulter;ENEA
Eniro;Sverige;Small Cap;Sällanköpsvaror;Marknadsföring;ENRO
EnQuest;Sverige;Mid Cap;Energi;Olja & Gas - Exploatering;ENQ
Ericsson B;Sverige;Large Cap;Informationsteknik;Kommunikation;ERIC B
Etrion;Sverige;Small Cap;Kraftförsörjning;Solkraft;ETX
eWork;Sverige;Small Cap;Informationsteknik;IT-Konsulter;EWRK
Fabege;Sverige;Large Cap;Finans & Fastighet;Fastighetsbolag;FABG
Fagerhult;Sverige;Mid Cap;Industri;Bygginredning;FAG
Fast Partner;Sverige;Mid Cap;Finans & Fastighet;Fastighetsbolag;FPAR
Fast Balder;Sverige;Large Cap;Finans & Fastighet;Fastighetsbolag;BALD B
Feelgood;Sverige;Small Cap;Hälsovård;Hälsovård & Hjälpmedel;FEEL
Fenix Outdoor;Sverige;Large Cap;Sällanköpsvaror;Kläder & Skor;FOI B
Fingerprint Cards;Sverige;Mid Cap;Informationsteknik;Biometri;FING B
Formpipe Software;Sverige;Small Cap;Informationsteknik;Affärs- & IT-System;FPIP
Getinge;Sverige;Large Cap;Hälsovård;Hälsovård & Hjälpmedel;GETI B
GHP Specialty Care;Sverige;Small Cap;Hälsovård;Sjukhus & Vårdhem;GHP
Gunnebo;Sverige;Mid Cap;Industri;Säkerhet;GUNN
ICA Gruppen;Sverige;Large Cap;Dagligvaror;Livsmedelsbutiker;ICA
Haldex;Sverige;Mid Cap;Industri;Industrikomponenter;HLDX
Havsfrun Investment;Sverige;Small Cap;Finans & Fastighet;Investmentbolag;HAV B
Heba;Sverige;Mid Cap;Finans & Fastighet;Fastighetsbolag;HEBA B
Hennes & Mauritz;Sverige;Large Cap;Sällanköpsvaror;Kläder & Skor;HM B
Hexagon;Sverige;Large Cap;Industri;Mätning & Analys;HEXA B
Hexpol;Sverige;Large Cap;Material;Kemikalier;HPOL B
HiQ;Sverige;Mid Cap;Informationsteknik;IT-Konsulter;HIQ
HMS Networks;Sverige;Mid Cap;Informationsteknik;Kommunikation;HMS
Holmen B;Sverige;Large Cap;Material;Skogsbolag;HOLM B
Hufvudstaden A;Sverige;Large Cap;Finans & Fastighet;Fastighetsbolag;HUFV A
Husqvarna B;Sverige;Large Cap;Sällanköpsvaror;Hemelektronik;HUSQ B
I.A.R Systems;Sverige;Mid Cap;Informationsteknik;Affärs- & IT-System;IAR B
Image Systems;Sverige;Small Cap;Informationsteknik;Affärs- & IT-System;IS
Industrivärden C;Sverige;Large Cap;Finans & Fastighet;Investmentbolag;INDU C
Indutrade;Sverige;Large Cap;Industri;Industrikomponenter;INDT
ICTA;Sverige;Small Cap;Industri;Affärskonsulter;ICTA
Intrum;Sverige;Large Cap;Finans & Fastighet;Kredit & Finansiering;INTRUM
Investor B;Sverige;Large Cap;Finans & Fastighet;Investmentbolag;INVE B
ITAB Shop Concept;Sverige;Mid Cap;Industri;Bygginredning;ITAB B
JM;Sverige;Large Cap;Industri;Bostadsbyggnation;JM
Kabe;Sverige;Mid Cap;Sällanköpsvaror;Bil & Motor;KABE B
KappAhl;Sverige;Mid Cap;Sällanköpsvaror;Kläder & Skor;KAHL
Karo Pharma;Sverige;Mid Cap;Hälsovård;Biotech;KARO
Kinnevik B;Sverige;Large Cap;Finans & Fastighet;Investmentbolag;KINV B
Klövern A;Sverige;Large Cap;Finans & Fastighet;Fastighetsbolag;KLOV A
KnowIT;Sverige;Mid Cap;Informationsteknik;IT-Konsulter;KNOW
Kungsleden;Sverige;Large Cap;Finans & Fastighet;Fastighetsbolag;KLED
Lagercrantz;Sverige;Mid Cap;Industri;Elektroniska komponenter;LAGR B
Lammhults Design;Sverige;Small Cap;Industri;Bygginredning;LAMM B
Latour;Sverige;Large Cap;Finans & Fastighet;Investmentbolag;LATO B
Lindab;Sverige;Mid Cap;Industri;Installation & VVS;LIAB
Loomis;Sverige;Large Cap;Industri;Säkerhet;LOOM B
Lundbergföretagen;Sverige;Large Cap;Finans & Fastighet;Investmentbolag;LUND B
Lundin Mining;Sverige;Large Cap;Material;Gruv - Prospekt & Drift;LUMI
Lundin Petroleum;Sverige;Large Cap;Energi;Olja & Gas - Exploatering;LUPE
Malmbergs Elektriska;Sverige;Small Cap;Industri;Elektroniska komponenter;MEAB B
Medivir;Sverige;Small Cap;Hälsovård;Biotech;MVIR B
Mekonomen;Sverige;Mid Cap;Sällanköpsvaror;Bil & Motor;MEKO
Mycronic;Sverige;Mid Cap;Informationsteknik;Elektronik & Tillverkning;MYCR
Midsona B;Sverige;Mid Cap;Dagligvaror;Hälsoprodukter;MSON B
Midway B;Sverige;Small Cap;Finans & Fastighet;Investmentbolag;MIDW B
Millicom;Sverige;Large Cap;Telekommunikation;Bredband & Telefoni;MIC SDB
Stockwik;Sverige;Small Cap;Finans & Fastighet;Investmentbolag;STWK
Amasten;Sverige;First North;Finans & Fastighet;Fastighetsbolag;AMAST
MQ;Sverige;Small Cap;Sällanköpsvaror;Kläder & Skor;MQ
Empir Group;Sverige;Small Cap;Informationsteknik;IT-Konsulter;EMPIR B
MTG B;Sverige;Large Cap;Sällanköpsvaror;Media & Publicering;MTG B
MultiQ;Sverige;Small Cap;Informationsteknik;Datorer & Hårdvara;MULQ
NAXS Nordic Access;Sverige;Small Cap;Finans & Fastighet;Investmentbolag;NAXS
NCC B;Sverige;Large Cap;Industri;Byggnation & Infrastruktur;NCC B
Nederman;Sverige;Mid Cap;Industri;Installation & VVS;NMAN
NetEnt;Sverige;Large Cap;Sällanköpsvaror;Betting & Casino;NET B
Net Insight;Sverige;Mid Cap;Informationsteknik;Kommunikation;NETI B
New Wave;Sverige;Mid Cap;Sällanköpsvaror;Kläder & Skor;NEWA B
NIBE;Sverige;Large Cap;Industri;Installation & VVS;NIBE B
Nobia;Sverige;Large Cap;Sällanköpsvaror;Möbler & Inredning;NOBI
Nolato;Sverige;Large Cap;Material;Kemikalier;NOLA B
Nordea Bank;Sverige;Large Cap;Finans & Fastighet;Banker;NDA SE
NOTE;Sverige;Small Cap;Informationsteknik;Elektronik & Tillverkning;NOTE
Strax;Sverige;Small Cap;Sällanköpsvaror;Fritid & Sport;STRAX
Novotek;Sverige;Small Cap;Informationsteknik;Affärs- & IT-System;NTEK B
Oasmia Pharmaceutical;Sverige;Mid Cap;Hälsovård;Läkemedel;OASM
Odd Molly;Sverige;Small Cap;Sällanköpsvaror;Kläder & Skor;ODD
OEM;Sverige;Mid Cap;Industri;Industrikomponenter;OEM B
Trention;Sverige;Small Cap;Finans & Fastighet;Investmentbolag;TRENT
Orexo;Sverige;Mid Cap;Hälsovård;Läkemedel;ORX
Oriflame;Sverige;Large Cap;Dagligvaror;Hygienprodukter;ORI
Ortivus B;Sverige;Small Cap;Hälsovård;Hälsovård & Hjälpmedel;ORTI B
Peab;Sverige;Large Cap;Industri;Byggnation & Infrastruktur;PEAB B
Poolia;Sverige;Small Cap;Industri;Bemanning;POOL B
Precise Biometrics;Sverige;Small Cap;Informationsteknik;Biometri;PREC
Prevas;Sverige;Small Cap;Informationsteknik;IT-Konsulter;PREV B
Pricer;Sverige;Small Cap;Informationsteknik;Elektronisk Utrustning;PRIC B
ProAct IT;Sverige;Mid Cap;Informationsteknik;IT-Konsulter;PACT
Probi;Sverige;Mid Cap;Dagligvaror;Livsmedel;PROB
ProfilGruppen;Sverige;Small Cap;Industri;Industrikomponenter;PROF B
Ratos B;Sverige;Large Cap;Finans & Fastighet;Investmentbolag;RATO B
RaySearch Laboratories;Sverige;Mid Cap;Hälsovård;Medicinsk Utrustning;RAY B
Rejlerkoncernen;Sverige;Small Cap;Industri;Affärskonsulter;REJL B
RNB Retail and Brands;Sverige;Small Cap;Sällanköpsvaror;Kläder & Skor;RNBS
Radisson Hospitality;Sverige;Mid Cap;Sällanköpsvaror;Hotell & Camping;RADH
Rottneros;Sverige;Small Cap;Material;Skogsbolag;RROS
Saab;Sverige;Large Cap;Industri;Militär & Försvar;SAAB B
Sagax A;Sverige;Large Cap;Finans & Fastighet;Fastighetsbolag;SAGA A
Sandvik;Sverige;Large Cap;Industri;Industrimaskiner;SAND
SAS;Sverige;Mid Cap;Industri;Flygtransport;SAS
SCA B;Sverige;Large Cap;Material;Skogsbolag;SCA B
SEB A;Sverige;Large Cap;Finans & Fastighet;Banker;SEB A
Sectra;Sverige;Mid Cap;Hälsovård;Medicinsk Utrustning;SECT B
Securitas;Sverige;Large Cap;Industri;Säkerhet;SECU B
Semcon;Sverige;Small Cap;Industri;Affärskonsulter;SEMC
Sensys Gatso;Sverige;Small Cap;Informationsteknik;Säkerhet & Bevakning;SENS
Handelsbanken A;Sverige;Large Cap;Finans & Fastighet;Banker;SHB A
SinterCast;Sverige;Small Cap;Industri;Industrikomponenter;SINT
Skanska;Sverige;Large Cap;Industri;Byggnation & Infrastruktur;SKA B
SKF B;Sverige;Large Cap;Industri;Industrikomponenter;SKF B
SkiStar;Sverige;Mid Cap;Sällanköpsvaror;Resor & Nöjen;SKIS B
Softronic;Sverige;Small Cap;Informationsteknik;IT-Konsulter;SOF B
SSAB A;Sverige;Large Cap;Material;Gruv - Industrimetaller;SSAB A
Stora Enso R;Sverige;Large Cap;Material;Skogsbolag;STE R
Studsvik;Sverige;Small Cap;Industri;Energi & Återvinning;SVIK
Svedbergs;Sverige;Small Cap;Sällanköpsvaror;Möbler & Inredning;SVED B
Svolder B;Sverige;Mid Cap;Finans & Fastighet;Investmentbolag;SVOL B
Sweco B;Sverige;Large Cap;Industri;Affärskonsulter;SWEC B
Swedbank;Sverige;Large Cap;Finans & Fastighet;Banker;SWED A
Swedish Match;Sverige;Large Cap;Dagligvaror;Tobak;SWMA
Swedish Orphan Biovitrum;Sverige;Large Cap;Hälsovård;Läkemedel;SOBI
Swedol;Sverige;Mid Cap;Sällanköpsvaror;Detaljhandel;SWOL B
Systemair;Sverige;Mid Cap;Industri;Installation & VVS;SYSR
Tele2 B;Sverige;Large Cap;Telekommunikation;Bredband & Telefoni;TEL2 B
Telia Company;Sverige;Large Cap;Telekommunikation;Bredband & Telefoni;TELIA
Tieto;Sverige;Large Cap;Informationsteknik;IT-Konsulter;TIETOS
Traction;Sverige;Mid Cap;Finans & Fastighet;Investmentbolag;TRAC B
TradeDoubler;Sverige;Small Cap;Sällanköpsvaror;Marknadsföring;TRAD
Viking Supply;Sverige;Small Cap;Industri;Sjöfart & Rederi;VSSAB B
Trelleborg;Sverige;Large Cap;Material;Kemikalier;TREL B
Agromino;Sverige;Small Cap;Dagligvaror;Jordbruk;AGRO
Kindred Group;Sverige;Large Cap;Sällanköpsvaror;Betting & Casino;KIND SDB
VBG;Sverige;Mid Cap;Industri;Industrikomponenter;VBG B
Venue Retail Group;Sverige;Small Cap;Sällanköpsvaror;Accessoarer;VRG B
Vitrolife;Sverige;Large Cap;Hälsovård;Medicinsk Utrustning;VITR
Volvo B;Sverige;Large Cap;Industri;Industrimaskiner;VOLV B
Vostok New Ventures;Sverige;Mid Cap;Finans & Fastighet;Investmentbolag;VNV SDB
Wallenstam;Sverige;Large Cap;Finans & Fastighet;Fastighetsbolag;WALL B
Wihlborgs;Sverige;Large Cap;Finans & Fastighet;Fastighetsbolag;WIHL
XANO Industri;Sverige;Mid Cap;Industri;Industrikomponenter;XANO B
ÅF;Sverige;Large Cap;Industri;Affärskonsulter;AF B
Öresund;Sverige;Mid Cap;Finans & Fastighet;Investmentbolag;ORES
Karolinska Development;Sverige;Small Cap;Finans & Fastighet;Investmentbolag;KDEV
Boule Diagnostics;Sverige;Small Cap;Hälsovård;Medicinsk Utrustning;BOUL
Dedicare;Sverige;Small Cap;Industri;Bemanning;DEDI
Moberg Pharma;Sverige;Small Cap;Hälsovård;Läkemedel;MOB
Concentric;Sverige;Mid Cap;Industri;Industrikomponenter;COIC
Cavotec;Sverige;Mid Cap;Industri;Industrimaskiner;CCC
Nokia;Sverige;Large Cap;Informationsteknik;Kommunikation;NOKIA SEK
Micro Systemation;Sverige;Small Cap;Informationsteknik;Elektronisk Utrustning;MSAB B
Vitec Software;Sverige;Mid Cap;Informationsteknik;Affärs- & IT-System;VIT B
Semafo;Sverige;Mid Cap;Material;Gruv - Guld & Silver;SMF
Bulten;Sverige;Mid Cap;Industri;Industrikomponenter;BULTEN
Moment Group;Sverige;Small Cap;Sällanköpsvaror;Resor & Nöjen;MOMENT
ADDvise Group A;Sverige;First North;Hälsovård;Hälsovård & Hjälpmedel;ADDV A
Africa Oil;Sverige;Mid Cap;Energi;Olja & Gas - Exploatering;AOI
Arctic Minerals;Sverige;First North;Material;Gruv - Guld & Silver;ARCT
Avensia;Sverige;First North;Informationsteknik;Betalning & E-handel;AVEN
Avtech;Sverige;First North;Informationsteknik;Affärs- & IT-System;AVT B
Bredband2;Sverige;First North;Telekommunikation;Bredband & Telefoni;BRE2
C-RAD;Sverige;Small Cap;Hälsovård;Medicinsk Utrustning;CRAD B
Catella B;Sverige;Mid Cap;Finans & Fastighet;Kapitalförvaltning;CAT B
Auriant Mining;Sverige;First North;Material;Gruv - Guld & Silver;AUR
Confidence;Sverige;First North;Industri;Säkerhet;CONF
Creades;Sverige;Mid Cap;Finans & Fastighet;Investmentbolag;CRED A
DistIT;Sverige;First North;Informationsteknik;Datorer & Hårdvara;DIST
Diadrom;Sverige;First North;Informationsteknik;IT-Konsulter;DIAH
Dignitana;Sverige;First North;Hälsovård;Medicinsk Utrustning;DIGN
Drillcon;Sverige;First North;Material;Gruv - Service;DRIL
Ellen;Sverige;First North;Hälsovård;Biotech;ELN
Kakel Max;Sverige;First North;Industri;Byggmaterial;KAKEL
Endomines;Sverige;Small Cap;Material;Gruv - Guld & Silver;ENDO
Eolus Vind;Sverige;Small Cap;Kraftförsörjning;Vindkraft;EOLU B
EOS Russia;Sverige;First North;Kraftförsörjning;Elförsörjning;EOS
Episurf;Sverige;Small Cap;Hälsovård;Medicinsk Utrustning;EPIS B
Firefly;Sverige;First North;Informationsteknik;Affärs- & IT-System;FIRE
Wifog;Sverige;First North;Telekommunikation;Bredband & Telefoni;WIFOG
Generic Sweden;Sverige;First North;Informationsteknik;Säkerhet & Bevakning;GENI
Genovis;Sverige;First North;Hälsovård;Biotech;GENO
Binero Group;Sverige;First North;Informationsteknik;Affärs- & IT-System;BINERO
Götenehus Group;Sverige;First North;Industri;Bostadsbyggnation;GHUS B
Hansa Biopharma;Sverige;Mid Cap;Hälsovård;Biotech;HNSA
Stendörren;Sverige;Mid Cap;Finans & Fastighet;Fastighetsbolag;STEF B
Hifab;Sverige;First North;Industri;Affärskonsulter;HIFA B
Impact Coatings;Sverige;First North;Industri;Industrimaskiner;IMPC
Invisio Communications;Sverige;Mid Cap;Informationsteknik;Kommunikation;IVSO
Jays;Sverige;First North;Informationsteknik;Elektronisk Utrustning;JAYS
JLT Mobile Computers;Sverige;First North;Informationsteknik;Datorer & Hårdvara;JLT
Kancera;Sverige;First North;Hälsovård;Biotech;KAN
Copperstone;Sverige;First North;Material;Gruv - Prospekt & Drift;COPP B
Kopy Goldfields;Sverige;First North;Material;Gruv - Guld & Silver;KOPY
Lightlab;Sverige;First North;Industri;Elektroniska komponenter;LLSW B
Lucara Diamond;Sverige;Mid Cap;Material;Gruv - Ädelstenar;LUC
Mackmyra;Sverige;First North;Dagligvaror;Bryggeri;MACK B
MedCap;Sverige;Small Cap;Finans & Fastighet;Investmentbolag;MCAP
Modern Ekonomi;Sverige;First North;Industri;Affärskonsulter;ME
Misen Energy;Sverige;First North;Energi;Olja & Gas - Exploatering;MISE
NetJobs;Sverige;First North;Industri;Bemanning;NJOB
New Nordic Healthbrands;Sverige;First North;Dagligvaror;Hälsoprodukter;NNH
Nischer;Sverige;NGM;Finans & Fastighet;Fastighetsbolag;NIS MTF
Online Brands Nordic;Sverige;First North;Sällanköpsvaror;Accessoarer;OBAB
OPUS Prodox;Sverige;Mid Cap;Sällanköpsvaror;Bil & Motor;OPUS
Pallas;Sverige;First North;Industri;Sjöfart & Rederi;PALS B
Sensori;Sverige;NGM;Hälsovård;Medicinsk Utrustning;SORI MTF
Saxlund;Sverige;First North;Industri;Energi & Återvinning;SAXG
PledPharma;Sverige;First North;Hälsovård;Biotech;PLED
Precio Fishbone;Sverige;First North;Informationsteknik;IT-Konsulter;PRCO B
Precomp Solutions;Sverige;First North;Industri;Industrikomponenter;PCOM B
ENLABS;Sverige;First North;Sällanköpsvaror;Betting & Casino;NLAB
ScandBook;Sverige;First North;Sällanköpsvaror;Media & Publicering;SBOK
ShaMaran;Sverige;First North;Energi;Olja & Gas - Exploatering;SNM
SJR;Sverige;First North;Industri;Bemanning;SJR B
Skåne-möllan;Sverige;First North;Dagligvaror;Livsmedel;SKMO
Skånska Energi;Sverige;First North;Kraftförsörjning;Elförsörjning;SEAB B
Allgon;Sverige;First North;Informationsteknik;Kommunikation;ALLG B
Stille;Sverige;First North;Hälsovård;Medicinsk Utrustning;STIL
TagMaster;Sverige;First North;Informationsteknik;Kommunikation;TAGM B
Tethys Oil;Sverige;Mid Cap;Energi;Olja & Gas - Exploatering;TETY
Unlimited Travel Group;Sverige;First North;Sällanköpsvaror;Resor & Nöjen;UTG
Victoria Park A;Sverige;Mid Cap;Finans & Fastighet;Fastighetsbolag;VICP A
Nordic Flanges;Sverige;First North;Industri;Industrikomponenter;NFGAB
WeSC;Sverige;First North;Sällanköpsvaror;Kläder & Skor;WESC
Westpay;Sverige;First North;Industri;Säkerhet;WPAY
Wise Group;Sverige;Small Cap;Industri;Bemanning;WISE
ZetaDisplay;Sverige;Small Cap;Sällanköpsvaror;Marknadsföring;ZETA
ALM Equtiy;Sverige;First North;Finans & Fastighet;Fastighetsbolag;ALM
Mangold;Sverige;First North;Finans & Fastighet;Kapitalförvaltning;MANG
Platzer;Sverige;Mid Cap;Finans & Fastighet;Fastighetsbolag;PLAZ B
aXichem;Sverige;First North;Material;Kemikalier;AXIC A
Sportamore;Sverige;Small Cap;Sällanköpsvaror;Detaljhandel;SPOR
Nexam;Sverige;First North;Material;Kemikalier;NEXAM
Xvivo Perfusion;Sverige;Mid Cap;Hälsovård;Medicinsk Utrustning;XVIVO
Hemfosa;Sverige;Large Cap;Finans & Fastighet;Fastighetsbolag;HEMF
Bufab;Sverige;Mid Cap;Industri;Industrikomponenter;BUFAB
Bactiguard;Sverige;Small Cap;Hälsovård;Medicinsk Utrustning;BACTI B
NGEx Resources;Sverige;Mid Cap;Material;Gruv - Prospekt & Drift;NGQ
Recipharm;Sverige;Mid Cap;Hälsovård;Läkemedel;RECI B
Scandi Standard;Sverige;Mid Cap;Dagligvaror;Livsmedel;SCST
Arctic Paper;Sverige;Small Cap;Material;Skogsbolag;ARP
Besqab;Sverige;Mid Cap;Industri;Bostadsbyggnation;BESQ
G5 Entertainment;Sverige;Mid Cap;Sällanköpsvaror;Gaming & Spel;G5EN
NeuroVive Pharmaceutical;Sverige;Small Cap;Hälsovård;Biotech;NVP
Oscar Properties;Sverige;Mid Cap;Finans & Fastighet;Fastighetsbolag;OP
Starbreeze B;Sverige;Mid Cap;Sällanköpsvaror;Gaming & Spel;STAR B
Cell Impact;Sverige;First North;Industri;Industrimaskiner;CI B
BIMobject;Sverige;First North;Informationsteknik;Affärs- & IT-System;BIM
Delarka;Sverige;First North;Finans & Fastighet;Fastighetsbolag;DELARK
Immunicum;Sverige;Small Cap;Hälsovård;Biotech;IMMU
Polyplank;Sverige;First North;Industri;Energi & Återvinning;POLY
Fastator;Sverige;First North;Finans & Fastighet;Fastighetsbolag;ABFAST
Ages Industri;Sverige;First North;Industri;Industrikomponenter;AGES B
Brighter;Sverige;First North;Hälsovård;Medicinsk Utrustning;BRIG
Clavister;Sverige;First North;Informationsteknik;Kommunikation;CLAV
Cortus Energy;Sverige;First North;Kraftförsörjning;Bioenergi;CE
Hembla;Sverige;Mid Cap;Finans & Fastighet;Fastighetsbolag;HEM B
Dome Energy;Sverige;First North;Energi;Olja & Gas - Exploatering;DOME
Doxa;Sverige;First North;Hälsovård;Biotech;DOXA
Hanza;Sverige;First North;Industri;Affärskonsulter;HANZA
Heliospectra;Sverige;First North;Informationsteknik;Elektronisk Utrustning;HELIO
Hexatronic;Sverige;Mid Cap;Industri;Elektroniska komponenter;HTRO
Kallebäck Property;Sverige;First North;Finans & Fastighet;Fastighetsbolag;KAPIAB
Kambi;Sverige;First North;Sällanköpsvaror;Betting & Casino;KAMBI
Kentima;Sverige;First North;Informationsteknik;Säkerhet & Bevakning;KENH
Mavshack;Sverige;First North;Sällanköpsvaror;Media & Publicering;MAV
Irisity;Sverige;First North;Informationsteknik;Säkerhet & Bevakning;IRIS
myFC Holding;Sverige;First North;Kraftförsörjning;Förnybarenergi;MYFC
New Equity Venture;Sverige;Spotlight;Finans & Fastighet;Investmentbolag;NEVI B
Nicoccino;Sverige;First North;Dagligvaror;Tobak;NICO
Clemondo;Sverige;First North;Material;Kemikalier;CLEM
ScandiDos;Sverige;First North;Hälsovård;Medicinsk Utrustning;SDOS
Scandinavian Enviro;Sverige;First North;Industri;Energi & Återvinning;SES
Advenica;Sverige;First North;Informationsteknik;Säkerhet & Bevakning;ADVE
myTaste;Sverige;First North;Informationsteknik;Internettjänster;TASTE
LIDDS;Sverige;First North;Hälsovård;Biotech;LIDDS
DDM Holding;Sverige;First North;Finans & Fastighet;Kredit & Finansiering;DDM
Inwido;Sverige;Mid Cap;Industri;Byggmaterial;INWI
Cinnober;Sverige;First North;Informationsteknik;Affärs- & IT-System;CINN
Gränges;Sverige;Mid Cap;Industri;Industrikomponenter;GRNG
GWS Production;Sverige;First North;Informationsteknik;Säkerhet & Bevakning;GWS
Thule;Sverige;Large Cap;Sällanköpsvaror;Bil & Motor;THULE
Sprint Bioscience;Sverige;First North;Hälsovård;Biotech;SPRINT
Nexstim;Sverige;First North;Hälsovård;Medicinsk Utrustning;NXTMS
Bayn Europe;Sverige;First North;Dagligvaror;Livsmedel;BAYN
Papilly;Sverige;First North;Hälsovård;Hälsovård & Hjälpmedel;PAPI
Arcoma;Sverige;First North;Hälsovård;Medicinsk Utrustning;ARCOMA
PowerCell;Sverige;First North;Kraftförsörjning;Förnybarenergi;PCELL
Christian Berner Tech;Sverige;Small Cap;Industri;Industrikomponenter;CBTT B
Absolent;Sverige;First North;Industri;Energi & Återvinning;ABSO
Samhällsbyggnadsbolag B;Sverige;First North;Finans & Fastighet;Fastighetsbolag;SBB B
Italeaf;Sverige;First North;Finans & Fastighet;Investmentbolag;ITAL SDB
Lifco;Sverige;Large Cap;Finans & Fastighet;Investmentbolag;LIFCO B
NP3;Sverige;Mid Cap;Finans & Fastighet;Fastighetsbolag;NP3
AHA World;Sverige;Spotlight;Sällanköpsvaror;Betting & Casino;AHA
Alteco Medical;Sverige;Spotlight;Hälsovård;Medicinsk Utrustning;ALTE
Ambia Trading;Sverige;Spotlight;Industri;Elektroniska komponenter;AMBI
Axkid;Sverige;Spotlight;Sällanköpsvaror;Bil & Motor;AXKID
BrainCool;Sverige;Spotlight;Hälsovård;Medicinsk Utrustning;BRAIN
C Security;Sverige;Spotlight;Informationsteknik;Säkerhet & Bevakning;CSEC
DexTech Medical;Sverige;Spotlight;Hälsovård;Biotech;DEX
Igrene;Sverige;Spotlight;Energi;Olja & Gas - Exploatering;ABI
RootFruit;Sverige;Spotlight;Dagligvaror;Livsmedel;ROOT
Sealwacs;Sverige;Spotlight;Informationsteknik;Elektronisk Utrustning;SEAL
Zenicor Medical;Sverige;Spotlight;Hälsovård;Medicinsk Utrustning;ZENI
Gabather;Sverige;First North;Hälsovård;Biotech;GABA
Follicum;Sverige;Spotlight;Hälsovård;Biotech;FOLLI
Oboya Horticulture;Sverige;First North;Material;Förpackning;OBOYA B
Precisionsmetall;Sverige;Spotlight;Industri;Industrikomponenter;PREMET
Real Heart;Sverige;Spotlight;Hälsovård;Medicinsk Utrustning;HEART
Greater Than;Sverige;First North;Industri;Mätning & Analys;GREAT
Ecoclime Comfort Ceilings;Sverige;Spotlight;Industri;Energi & Återvinning;ECC
QBNK;Sverige;Spotlight;Informationsteknik;Affärs- & IT-System;QBNK
Phase Holographic;Sverige;Spotlight;Hälsovård;Medicinsk Utrustning;PHI
Emotra;Sverige;Spotlight;Hälsovård;Medicinsk Utrustning;EMOT
Envirologic;Sverige;Spotlight;Industri;Industrimaskiner;ENVI B
EQL Pharma;Sverige;Spotlight;Hälsovård;Läkemedel;EQL
Tourn;Sverige;Spotlight;Sällanköpsvaror;Marknadsföring;TOURN
Josab Water Solutions;Sverige;Spotlight;Industri;Energi & Återvinning;JOSA
Storytel;Sverige;First North;Sällanköpsvaror;Media & Publicering;STORY B
Motion Display;Sverige;Spotlight;Sällanköpsvaror;Marknadsföring;MODI
OptiFreeze;Sverige;Spotlight;Dagligvaror;Jordbruk;OPTI
Ortoma;Sverige;Spotlight;Hälsovård;Medicinsk Utrustning;ORT B
PromikBook;Sverige;Spotlight;Informationsteknik;Affärs- & IT-System;PB
ProstaLund;Sverige;Spotlight;Hälsovård;Medicinsk Utrustning;PLUN
Saniona;Sverige;Small Cap;Hälsovård;Biotech;SANION
Serstech;Sverige;First North;Industri;Mätning & Analys;SERT
SyntheticMR;Sverige;Spotlight;Hälsovård;Medicinsk Utrustning;SYNT
RLS Global;Sverige;First North;Hälsovård;Läkemedel;RLS
A1M Pharma;Sverige;First North;Hälsovård;Biotech;A1M
Enzymatica;Sverige;First North;Dagligvaror;Hälsoprodukter;ENZY
Spago Nanomedical;Sverige;Spotlight;Hälsovård;Biotech;SPAG
Mr Green & Co;Sverige;Mid Cap;Sällanköpsvaror;Betting & Casino;MRG
Sivers IMA;Sverige;First North;Informationsteknik;Elektronik & Tillverkning;SIVE
Safe at Sea;Sverige;Spotlight;Industri;Industrimaskiner;SAFE
Recyctec;Sverige;Spotlight;Industri;Energi & Återvinning;RECY B
Angler Gaming;Sverige;Spotlight;Sällanköpsvaror;Betting & Casino;ANGL
Beowulf Mining;Sverige;Spotlight;Material;Gruv - Prospekt & Drift;BEO SDB
Peptonic Medical;Sverige;Spotlight;Hälsovård;Biotech;PMED
Red Reserve;Sverige;Spotlight;Sällanköpsvaror;Gaming & Spel;REDR
ECOMB;Sverige;Spotlight;Industri;Energi & Återvinning;ECOM
EcoRub;Sverige;Spotlight;Industri;Energi & Återvinning;ECO B
Alphahelix;Sverige;Spotlight;Hälsovård;Medicinsk Utrustning;ALPH
Amnode;Sverige;Spotlight;Industri;Industrikomponenter;AMNO
Amhult 2;Sverige;Spotlight;Finans & Fastighet;Fastighetsbolag;AMH2 B
Umida Group;Sverige;Spotlight;Dagligvaror;Bryggeri;UMIDA B
AQ Group;Sverige;Mid Cap;Industri;Industrikomponenter;AQ
AroCell;Sverige;First North;Hälsovård;Biotech;AROC
Archelon;Sverige;NGM;Material;Gruv - Prospekt & Drift;ALON MTF B
Botnia Exploration;Sverige;First North;Material;Gruv - Prospekt & Drift;BOTX
EasyFill;Sverige;Spotlight;Industri;Bygginredning;EASY B
European institute;Sverige;Spotlight;Hälsovård;Biotech;EURI B
Gullberg & Jansson;Sverige;Spotlight;Industri;Energi & Återvinning;GJAB
Challenger Mobile;Sverige;Spotlight;Telekommunikation;Telekomtjänster;CHAL B
Eurocon;Sverige;Spotlight;Informationsteknik;IT-Konsulter;EURO
Slottsviken B;Sverige;Spotlight;Finans & Fastighet;Fastighetsbolag;SLOTT B
Deflamo;Sverige;First North;Material;Kemikalier;DEFL B
Smart Energy;Sverige;NGM;Energi;Olja & Gas - Försäljning;SEGR MTF
Bahnhof;Sverige;Spotlight;Telekommunikation;Bredband & Telefoni;BAHN B
Clinical Laserthermia;Sverige;First North;Hälsovård;Medicinsk Utrustning;CLS B
Jojka Communications;Sverige;Spotlight;Sällanköpsvaror;Marknadsföring;JOJK
Latvian Forest;Sverige;Spotlight;Material;Skogsbolag;LATF B
Medfield;Sverige;Spotlight;Hälsovård;Medicinsk Utrustning;MEDF
Net Gaming Europe;Sverige;First North;Sällanköpsvaror;Betting & Casino;NETG
TiksPac;Sverige;Spotlight;Industri;Energi & Återvinning;TIKS
Wonderful Times;Sverige;Spotlight;Sällanköpsvaror;Fritid & Sport;WTG
MediRätt;Sverige;First North;Hälsovård;Medicinsk Utrustning;MEDR B
Miris;Sverige;Spotlight;Hälsovård;Medicinsk Utrustning;MIR
Consensus;Sverige;Spotlight;Finans & Fastighet;Kapitalförvaltning;CAM B
SensoDetect;Sverige;Spotlight;Hälsovård;Medicinsk Utrustning;SDET
Cherry;Sverige;Mid Cap;Sällanköpsvaror;Betting & Casino;CHER B
HomeMaid;Sverige;Spotlight;Sällanköpsvaror;Konsumentservice;HOME B
IDL Biotech;Sverige;Spotlight;Hälsovård;Medicinsk Utrustning;IDL B
MedicPen;Sverige;Spotlight;Hälsovård;Hälsovård & Hjälpmedel;MPEN
NGS;Sverige;Small Cap;Industri;Bemanning;NGS
Transferator A;Sverige;Spotlight;Finans & Fastighet;Investmentbolag;TRAN A
Everysport Media;Sverige;Spotlight;Sällanköpsvaror;Marknadsföring;EVERY A
Exalt;Sverige;Spotlight;Telekommunikation;Telekomtjänster;EXALT
True Heading;Sverige;Spotlight;Industri;Affärskonsulter;TRUE B
Respiratorius;Sverige;Spotlight;Hälsovård;Biotech;RESP
Eurocine Vaccines;Sverige;Spotlight;Hälsovård;Biotech;EUCI
Future Gaming;Sverige;Spotlight;Sällanköpsvaror;Betting & Casino;FGG
WntResearch;Sverige;Spotlight;Hälsovård;Biotech;WNT
Vindico Security;Sverige;Spotlight;Informationsteknik;Säkerhet & Bevakning;VSEC
PharmaLundensis;Sverige;Spotlight;Hälsovård;Biotech;PHAL
Arbona B;Sverige;NGM;Finans & Fastighet;Investmentbolag;ARBO MTF B
Star Vault;Sverige;Spotlight;Sällanköpsvaror;Gaming & Spel;STVA B
Railcare;Sverige;Small Cap;Industri;Stödtjänster & Service;RAIL
NFO Drives;Sverige;Spotlight;Industri;Energi & Återvinning;NFO
Lovisagruvan;Sverige;Spotlight;Material;Gruv - Prospekt & Drift;LOVI
FX International;Sverige;Spotlight;Finans & Fastighet;Kapitalförvaltning;FXI
Genesis IT;Sverige;Spotlight;Informationsteknik;Affärs- & IT-System;GENE
Novus;Sverige;Spotlight;Sällanköpsvaror;Marknadsföring;NOVU
Arc Aroma Pure;Sverige;First North;Industri;Energi & Återvinning;AAP B
Taurus Energy;Sverige;Spotlight;Kraftförsörjning;Bioenergi;TAUR B
QuiaPEG;Sverige;Spotlight;Hälsovård;Läkemedel;QUIA
Parans Solar;Sverige;Spotlight;Kraftförsörjning;Solkraft;PARA
Micropos Medical;Sverige;Spotlight;Hälsovård;Medicinsk Utrustning;MPOS
Klick Data;Sverige;Spotlight;Industri;Utbildning;KLIC B
Senzime;Sverige;First North;Hälsovård;Medicinsk Utrustning;SEZI
Kopparbergs;Sverige;NGM;Dagligvaror;Bryggeri;KOBR MTF B
Crown Energy;Sverige;NGM;Energi;Olja & Gas - Exploatering;CRWN
Sotkamo Silver;Sverige;NGM;Material;Gruv - Guld & Silver;SOSI
Lifeassays;Sverige;NGM;Hälsovård;Medicinsk Utrustning;LIFE B
Sveriges Bostadsrättscentrum;Sverige;NGM;Finans & Fastighet;Fastighetsbolag;SBC
MedicaNatumin;Sverige;NGM;Dagligvaror;Hälsoprodukter;MEDNA MTF
LC-Tec;Sverige;NGM;Informationsteknik;Datorer & Hårdvara;LCT MTF
Glycorex Transplantation;Sverige;NGM;Hälsovård;Medicinsk Utrustning;GTAB B
AIK Fotboll;Sverige;NGM;Sällanköpsvaror;Fritid & Sport;AIK B
Paynova;Sverige;NGM;Informationsteknik;Betalning & E-handel;PAY
Guideline Geo;Sverige;NGM;Material;Gruv - Service;GGEO
Obducat;Sverige;NGM;Informationsteknik;Elektronik & Tillverkning;OBDU B
Metallvärden;Sverige;NGM;Industri;Energi & Återvinning;METV MTF
Advanced Stabilized Tech;Sverige;NGM;Informationsteknik;Kommunikation;ASTG MTF B
Hedera;Sverige;First North;Industri;Bemanning;HEGR
Briox;Sverige;NGM;Informationsteknik;Affärs- & IT-System;BRIX MTF
Free2Move;Sverige;NGM;Telekommunikation;Telekomtjänster;F2M MTF
LightAir;Sverige;NGM;Industri;Installation & VVS;LAIR MTF
Fortnox;Sverige;NGM;Informationsteknik;Affärs- & IT-System;FNOX MTF
Mertiva;Sverige;NGM;Hälsovård;Biotech;MERT MTF A
MVV Holding;Sverige;NGM;Industri;Affärskonsulter;MVV MTF B
Exeotech Invest;Sverige;NGM;Finans & Fastighet;Investmentbolag;ETIN MTF
Zinzino;Sverige;First North;Dagligvaror;Hälsoprodukter;ZZ B
Lundin Gold;Sverige;Mid Cap;Material;Gruv - Guld & Silver;LUG
Eltel;Sverige;Mid Cap;Industri;Installation & VVS;ELTEL
Ahlstrom-Munksjö;Sverige;Large Cap;Material;Skogsbolag;AM1S
Byggmästare AJ Ahlström;Sverige;First North;Finans & Fastighet;Fastighetsbolag;AJA B
Intuitive Aerial;Sverige;First North;Sällanköpsvaror;Media & Publicering;INTU
Saltängen Property;Sverige;First North;Finans & Fastighet;Fastighetsbolag;SAPIAB
Verisec;Sverige;First North;Informationsteknik;Säkerhet & Bevakning;VERI
Dustin Group;Sverige;Mid Cap;Informationsteknik;Datorer & Hårdvara;DUST
Lexington;Sverige;First North;Sällanköpsvaror;Kläder & Skor;LEX
Karessa Pharma;Sverige;First North;Hälsovård;Biotech;KARE
OrganoClick;Sverige;First North;Material;Kemikalier;ORGC
Torslanda Property;Sverige;First North;Finans & Fastighet;Fastighetsbolag;TORSAB
Acrinova;Sverige;Spotlight;Finans & Fastighet;Fastighetsbolag;ACRI
Corem Pref;Sverige;Mid Cap;Finans & Fastighet;Fastighetsbolag;CORE PREF
Eniro pref;Sverige;Small Cap;Sällanköpsvaror;Marknadsföring;ENRO PREF
Fast Partner Pref;Sverige;Mid Cap;Finans & Fastighet;Fastighetsbolag;FPAR PREF
Klövern Pref;Sverige;Large Cap;Finans & Fastighet;Fastighetsbolag;KLOV PREF
Amasten Pref;Sverige;First North;Finans & Fastighet;Fastighetsbolag;AMAST PREF
Sagax Pref;Sverige;Large Cap;Finans & Fastighet;Fastighetsbolag;SAGA PREF
Victoria Park Pref;Sverige;Mid Cap;Finans & Fastighet;Fastighetsbolag;VICP PREF
ALM Equity Pref;Sverige;First North;Finans & Fastighet;Fastighetsbolag;ALM PREF
Oscar P. Pref;Sverige;Mid Cap;Finans & Fastighet;Fastighetsbolag;OP PREF
Hemfosa Pref;Sverige;Large Cap;Finans & Fastighet;Fastighetsbolag;HEMF PREF
Prime Living Pref;Sverige;First North;Finans & Fastighet;Fastighetsbolag;PRIME PREF B
Sdiptech Pref;Sverige;First North;Industri;Installation & VVS;SDIP PREF
Akelius R. Pref;Sverige;First North;Finans & Fastighet;Fastighetsbolag;AKEL PREF
Tobin P. Pref;Sverige;First North;Finans & Fastighet;Fastighetsbolag;TOBIN PREF
Omx Sthlm 30;Sverige;Index;-;-;OMXS30
Omx Sthlm 30 GI;Sverige;Index;-;-;OMXS30GI
Omx Sthlm All;Sverige;Index;-;-;OMXSPI
Omx Sthlm All GI;Sverige;Index;-;-;OMXSGI
Omx Sthlm 50 EW;Sverige;Index;-;-;OMXS50EW
Omx Sthlm 60 GI;Sverige;Index;-;-;OMXS60
Omx Sthlm 60;Sverige;Index;-;-;OMXS60PI
Omx Sthlm Large Cap;Sverige;Index;-;-;OMXSLCPI
Omx Sthlm Mid Cap;Sverige;Index;-;-;OMXSMCPI
Omx Sthlm Small Cap;Sverige;Index;-;-;OMXSSCPI
Omx Sthlm Oil&Gas;Sverige;Index;-;-;SX0001PI
Omx Sthlm Materials;Sverige;Index;-;-;SX1000PI
Omx Sthlm Industrial;Sverige;Index;-;-;SX2000PI
Omx Sthlm Consumer;Sverige;Index;-;-;SX3000PI
Omx Sthlm Health;Sverige;Index;-;-;SX4000PI
Omx Sthlm Services;Sverige;Index;-;-;SX5000PI
Omx Sthlm Telecom;Sverige;Index;-;-;SX6000PI
Omx Sthlm Utilities;Sverige;Index;-;-;SX7000PI
Omx Sthlm Financials;Sverige;Index;-;-;SX8000PI
Omx Sthlm Technology;Sverige;Index;-;-;SX9000PI
Omx Helsi 25;Finland;Index;-;-;OMXH25
Omx Helsi 15;Finland;Index;-;-;OMXH15
Omx Helsi All;Finland;Index;-;-;OMXHPI
Omx Helsi All GI;Finland;Index;-;-;OMXHGI
Omx Helsi Large Cap;Finland;Index;-;-;OMXHLCPI
Omx Helsi Mid Cap;Finland;Index;-;-;OMXHMCPI
Omx Helsi Small Cap;Finland;Index;-;-;OMXHSCPI
Omx Helsi Oil&Gas;Finland;Index;-;-;HX0001PI
Omx Helsi Materials;Finland;Index;-;-;HX1000PI
Omx Helsi Industrial;Finland;Index;-;-;HX2000PI
Omx Helsi Consumer;Finland;Index;-;-;HX3000PI
Omx Helsi Health;Finland;Index;-;-;HX4000PI
Omx Helsi Services;Finland;Index;-;-;HX5000PI
Omx Helsi Telecom;Finland;Index;-;-;HX6000PI
Omx Helsi Utilities;Finland;Index;-;-;HX7000PI
Omx Helsi Financials;Finland;Index;-;-;HX8000PI
Omx Helsi Technology;Finland;Index;-;-;HX9000PI
Amer Sports;Finland;Large Cap;Sällanköpsvaror;Detaljhandel;AMEAS
Cargotec;Finland;Large Cap;Industri;Tåg- & Lastbilstransport;CGCBV
Citycon;Finland;Large Cap;Finans & Fastighet;Fastighetsbolag;CTY1S
Elisa;Finland;Large Cap;Telekommunikation;Bredband & Telefoni;ELISA
Fiskars;Finland;Large Cap;Sällanköpsvaror;Hemelektronik;FSKRS
Fortum;Finland;Large Cap;Kraftförsörjning;Elförsörjning;FORTUM
Huhtamäki;Finland;Large Cap;Material;Förpackning;HUH1V
Kemira;Finland;Large Cap;Material;Kemikalier;KEMIRA
Kesko B;Finland;Large Cap;Dagligvaror;Livsmedelsbutiker;KESKOB
KONE;Finland;Large Cap;Industri;Installation & VVS;KNEBV
Konecranes;Finland;Large Cap;Industri;Industrimaskiner;KCR
Metso;Finland;Large Cap;Industri;Industrikomponenter;METSO
Neste;Finland;Large Cap;Energi;Olja & Gas - Försäljning;NESTE
Nokia Oyj;Finland;Large Cap;Informationsteknik;Kommunikation;NOKIA
Nokian Renkaat;Finland;Large Cap;Sällanköpsvaror;Bil & Motor;NRE1V
Nordea Bank;Finland;Large Cap;Finans & Fastighet;Banker;NDA FI
Orion B;Finland;Large Cap;Hälsovård;Läkemedel;ORNBV
Outokumpu;Finland;Large Cap;Material;Gruv - Industrimetaller;OUT1V
Outotec;Finland;Mid Cap;Material;Gruv - Industrimetaller;OTE1V
Sampo;Finland;Large Cap;Finans & Fastighet;Försäkring;SAMPO
Sanoma;Finland;Large Cap;Sällanköpsvaror;Media & Publicering;SAA1V
SSAB B Oyj;Finland;Large Cap;Material;Gruv - Industrimetaller;SSABBH
Stora Enso R Oyj;Finland;Large Cap;Material;Skogsbolag;STERV
Telia Company oyj;Finland;Large Cap;Telekommunikation;Bredband & Telefoni;TELIA1
Tieto Oyj;Finland;Large Cap;Informationsteknik;IT-Konsulter;TIETO
UPM-Kymmene;Finland;Large Cap;Material;Skogsbolag;UPM
Valmet;Finland;Large Cap;Industri;Industrimaskiner;VALMT
Wärtsilä;Finland;Large Cap;Kraftförsörjning;Elförsörjning;WRT1V
YIT;Finland;Large Cap;Industri;Byggnation & Infrastruktur;YIT
Basware;Finland;Mid Cap;Informationsteknik;Affärs- & IT-System;BAS1V
Aktia Bank Abp;Finland;Mid Cap;Finans & Fastighet;Banker;AKTIA
Caverion;Finland;Mid Cap;Industri;Affärskonsulter;CAV1V
Oriola B;Finland;Mid Cap;Dagligvaror;Apotek;OKDBV
Ahlstrom-Munksjö Oyj;Finland;Large Cap;Material;Skogsbolag;AM1
Atria;Finland;Mid Cap;Dagligvaror;Livsmedel;ATRAV
Hancap Pref;Sverige;First North;Industri;Byggmaterial;HANC PREF A
K2A Pref;Sverige;First North;Finans & Fastighet;Fastighetsbolag;K2A PREF
Volati Pref;Sverige;Mid Cap;Finans & Fastighet;Investmentbolag;VOLO PREF
Aspo;Finland;Mid Cap;Material;Kemikalier;ASPO
Alma Media;Finland;Mid Cap;Sällanköpsvaror;Media & Publicering;ALMA
Cramo;Finland;Mid Cap;Industri;Installation & VVS;CRA1V
Bittium;Finland;Mid Cap;Informationsteknik;Kommunikation;BITTI
Finnair;Finland;Large Cap;Industri;Flygtransport;FIA1S
F-Secure;Finland;Mid Cap;Informationsteknik;Säkerhet & Bevakning;FSC1V
Lassila & Tikanoja;Finland;Mid Cap;Industri;Energi & Återvinning;LAT1V
HKScan;Finland;Mid Cap;Dagligvaror;Livsmedel;HKSAV
Metsä Board B;Finland;Large Cap;Material;Skogsbolag;METSB
Olvi;Finland;Mid Cap;Dagligvaror;Bryggeri;OLVAS
Ponsse 1;Finland;Mid Cap;Industri;Industrimaskiner;PON1V
Pöyry;Finland;Mid Cap;Industri;Affärskonsulter;POY1V
Raisio;Finland;Mid Cap;Dagligvaror;Livsmedel;RAIKV
Rapala;Finland;Small Cap;Sällanköpsvaror;Fritid & Sport;RAP1V
Ramirent;Finland;Mid Cap;Industri;Installation & VVS;RMR1V
SRV Yhtiöt;Finland;Mid Cap;Industri;Byggnation & Infrastruktur;SRV1V
Stockmann B;Finland;Mid Cap;Sällanköpsvaror;Detaljhandel;STCBV
Tikkurila;Finland;Mid Cap;Material;Kemikalier;TIK1V
Technopolis;Finland;Mid Cap;Finans & Fastighet;Fastighetsbolag;TPS1V
Uponor;Finland;Large Cap;Industri;Installation & VVS;UPONOR
Vaisala;Finland;Mid Cap;Industri;Mätning & Analys;VAIAS
Viking Line;Finland;Mid Cap;Industri;Sjöfart & Rederi;VIK1V
Pandox;Sverige;Large Cap;Sällanköpsvaror;Hotell & Camping;PNDX B
Alimak;Sverige;Mid Cap;Industri;Installation & VVS;ALIG
Collector;Sverige;Mid Cap;Finans & Fastighet;Kredit & Finansiering;COLL
Coor Service Management;Sverige;Mid Cap;Industri;Stödtjänster & Service;COOR
Hoist Finance;Sverige;Mid Cap;Finans & Fastighet;Kredit & Finansiering;HOFI
Nobina;Sverige;Mid Cap;Industri;Tåg- & Lastbilstransport;NOBINA
Tobii;Sverige;Mid Cap;Informationsteknik;Biometri;TOBII
Troax Group;Sverige;Mid Cap;Industri;Installation & VVS;TROAX
Cantargia;Sverige;Small Cap;Hälsovård;Biotech;CANTA
Corline Biomedical;Sverige;First North;Hälsovård;Läkemedel;CLBIO
Evolution Gaming;Sverige;Large Cap;Sällanköpsvaror;Betting & Casino;EVO
Gaming Corps;Sverige;First North;Sällanköpsvaror;Gaming & Spel;GCOR
Heimstaden Pref;Sverige;First North;Finans & Fastighet;Fastighetsbolag;HEIM PREF
Hövding;Sverige;First North;Sällanköpsvaror;Fritid & Sport;HOVD
Inission;Sverige;First North;Informationsteknik;Elektronisk Utrustning;INISS B
Kontigo Care;Sverige;First North;Hälsovård;Hälsovård & Hjälpmedel;KONT
Magnolia;Sverige;Mid Cap;Finans & Fastighet;Fastighetsbolag;MAG
Nilörngruppen;Sverige;Small Cap;Material;Förpackning;NIL B
Pegroco Pref;Sverige;First North;Finans & Fastighet;Investmentbolag;PEGRO PREF
Prime Living;Sverige;First North;Finans & Fastighet;Fastighetsbolag;PRIME
SavoSolar;Sverige;First North;Kraftförsörjning;Solkraft;SAVOS
Scibase;Sverige;First North;Hälsovård;Medicinsk Utrustning;SCIB
SolTech Energy;Sverige;First North;Kraftförsörjning;Solkraft;SOLT
Spiffbet;Sverige;First North;Sällanköpsvaror;Betting & Casino;SPIFF
TargetEveryOne;Sverige;First North;Sällanköpsvaror;Marknadsföring;TEONE
SaltX Technology;Sverige;First North;Industri;Energi & Återvinning;SALT B
Aptahem;Sverige;Spotlight;Hälsovård;Biotech;APTA
Cline Scientific;Sverige;Spotlight;Hälsovård;Biotech;CLINE B
CombiGene;Sverige;First North;Hälsovård;Biotech;COMBI
Idogen;Sverige;Spotlight;Hälsovård;Biotech;IDOGEN
Nanexa;Sverige;Spotlight;Hälsovård;Medicinsk Utrustning;NANEXA
Orezone;Sverige;Spotlight;Material;Gruv - Prospekt & Drift;ORE
Pharmacolog;Sverige;First North;Hälsovård;Medicinsk Utrustning;PHLOG B
Redsense Medical;Sverige;First North;Hälsovård;Medicinsk Utrustning;REDS
Transtema;Sverige;First North;Telekommunikation;Telekomtjänster;TRANS
Vibrosense Dynamics;Sverige;Spotlight;Hälsovård;Medicinsk Utrustning;VSD B
Bonäsudden;Sverige;First North;Finans & Fastighet;Fastighetsbolag;BONAS
IVISYS;Sverige;First North;Informationsteknik;Elektronisk Utrustning;IVISYS
Link Prop;Sverige;First North;Finans & Fastighet;Fastighetsbolag;LINKAB
Asiakastieto;Finland;Mid Cap;Industri;Mätning & Analys;ATG1V
Pihlajalinna;Finland;Mid Cap;Hälsovård;Sjukhus & Vårdhem;PIHLIS
Insplorion;Sverige;Spotlight;Industri;Mätning & Analys;INSP
SpectraCure;Sverige;First North;Hälsovård;Medicinsk Utrustning;SPEC
Endomines Oyj;Finland;Small Cap;Material;Gruv - Guld & Silver;ENDOM
Sotkamo Silver Oyj;Finland;Small Cap;Material;Gruv - Guld & Silver;SOSI1
Saga Furs;Finland;Small Cap;Sällanköpsvaror;Kläder & Skor;SAGCV
Neo Industrial;Finland;Small Cap;Industri;Industrikomponenter;NEO1V
Valoe;Finland;Small Cap;Kraftförsörjning;Solkraft;VALOE
Apetit;Finland;Small Cap;Dagligvaror;Livsmedel;APETIT
Afarak;Finland;Mid Cap;Material;Gruv - Industrimetaller;AFAGR
Aspocomp;Finland;Small Cap;Informationsteknik;Elektronik & Tillverkning;ACG1V
CapMan;Finland;Mid Cap;Finans & Fastighet;Investmentbolag;CAPMAN
Componenta;Finland;Small Cap;Industri;Industrikomponenter;CTH1V
Digia;Finland;Small Cap;Informationsteknik;IT-Konsulter;DIGIA
Dovre;Finland;Small Cap;Industri;Affärskonsulter;DOV1V
Efore;Finland;Small Cap;Industri;Elektroniska komponenter;EFO1V
eQ Oyj;Finland;Mid Cap;Finans & Fastighet;Kapitalförvaltning;EQV1V
Etteplan;Finland;Mid Cap;Industri;Affärskonsulter;ETTE
Suominen;Finland;Mid Cap;Dagligvaror;Hygienprodukter;SUY1V
Solteq;Finland;Small Cap;Informationsteknik;IT-Konsulter;SOLTEQ
Exel Composites;Finland;Small Cap;Industri;Industrikomponenter;EXL1V
Glaston;Finland;Small Cap;Industri;Byggmaterial;GLA1V
Innofactor;Finland;Small Cap;Informationsteknik;Affärs- & IT-System;IFA1V
SSH Communications;Finland;Small Cap;Informationsteknik;Säkerhet & Bevakning;SSH1V
Ålandsbanken B;Finland;Mid Cap;Finans & Fastighet;Banker;ALBBV
Raute;Finland;Small Cap;Industri;Industrimaskiner;RAUTE
Biohit;Finland;Small Cap;Hälsovård;Hälsovård & Hjälpmedel;BIOBV
QPR Software;Finland;Small Cap;Informationsteknik;Affärs- & IT-System;QPR1V
Elecster;Finland;Small Cap;Industri;Industrimaskiner;ELEAV
Honkarakenne;Finland;Small Cap;Industri;Bostadsbyggnation;HONBS
Ilkka-Yhtymä 2;Finland;Small Cap;Sällanköpsvaror;Media & Publicering;ILK2S
Incap;Finland;Small Cap;Industri;Industrimaskiner;ICP1V
Digitalist Group;Finland;Small Cap;Informationsteknik;IT-Konsulter;DIGIGR
Oravo;Finland;Small Cap;Finans & Fastighet;Fastighet - REIT;OVARO
Marimekko;Finland;Small Cap;Sällanköpsvaror;Kläder & Skor;MMO1V
Martela;Finland;Small Cap;Industri;Bygginredning;MARAS
Nurminen Logistics;Finland;Small Cap;Industri;Tåg- & Lastbilstransport;NLG1V
Keskisuomalainen;Finland;Small Cap;Sällanköpsvaror;Media & Publicering;KSLAV
Kesla;Finland;Small Cap;Industri;Industrimaskiner;KELAS
Pohjois-Karjalan;Finland;Small Cap;Sällanköpsvaror;Media & Publicering;PKK1V
Revenio;Finland;Mid Cap;Hälsovård;Medicinsk Utrustning;REG1V
Sievi Capital;Finland;Small Cap;Finans & Fastighet;Investmentbolag;SIEVI
Soprano;Finland;Small Cap;Industri;Utbildning;SOPRA
Investors House;Finland;Small Cap;Finans & Fastighet;Fastighetsbolag;INVEST
Trainers House;Finland;Small Cap;Industri;Utbildning;TRH1V
Uutechnic;Finland;Small Cap;Industri;Industrimaskiner;UUTEC
Yleiselektroniikka;Finland;Small Cap;Industri;Elektroniska komponenter;YLEPS
NoHo Partners;Finland;Small Cap;Sällanköpsvaror;Restaurang & Café;NOHO
Panostaja;Finland;Small Cap;Finans & Fastighet;Investmentbolag;PNA1V
Scanfil;Finland;Mid Cap;Informationsteknik;Elektronik & Tillverkning;SCANFL
Tecnotree;Finland;Small Cap;Informationsteknik;Affärs- & IT-System;TEM1V
Teleste;Finland;Small Cap;Informationsteknik;Kommunikation;TLT1V
Tulikivi;Finland;Small Cap;Sällanköpsvaror;Möbler & Inredning;TULAV
Wulff-Yhtiöt;Finland;Small Cap;Industri;Bygginredning;WUF1V
OMX Copen 20;Danmark;Index;-;-;OMXC20
OMX Copen 20 GI;Danmark;Index;-;-;OMXC20GI
OMX Copen All;Danmark;Index;-;-;OMXCPI
OMX Copen All GI;Danmark;Index;-;-;OMXCGI
OMX Copen Large C;Danmark;Index;-;-;OMXCLCPI
OMX Copen Mid C;Danmark;Index;-;-;OMXCMCPI
OMX Copen Small C;Danmark;Index;-;-;OMXCSCPI
OMX Copen Oil&Gas;Danmark;Index;-;-;CX0001PI
OMX Copen Industrial;Danmark;Index;-;-;CX2000PI
OMX Copen Goods;Danmark;Index;-;-;CX3000PI
OMX Copen Health;Danmark;Index;-;-;CX4000PI
OMX Copen Sercives;Danmark;Index;-;-;CX5000PI
OMX Copen Telecom;Danmark;Index;-;-;CX6000PI
OMX Copen Utilities;Danmark;Index;-;-;CX7000PI
OMX Copen Financials;Danmark;Index;-;-;CX8000PI
OMX Copen Technology;Danmark;Index;-;-;CX9000PI
OB Oslo 25;Norge;Index;-;-;OSEBX
OB Oslo 25 GI;Norge;Index;-;-;OBX
OB Oslo All;Norge;Index;-;-;OSEAX
OB Axess All;Norge;Index;-;-;OAAX
OB Oslo Oil&Gas;Norge;Index;-;-;OSE10GI
OB Oslo Industrial;Norge;Index;-;-;OSE20GI
OB Oslo Staples;Norge;Index;-;-;OSE30GI
OB Oslo Health;Norge;Index;-;-;OSE35GI
OB Oslo Consumer;Norge;Index;-;-;OSE25GI
OB Oslo Utilities;Norge;Index;-;-;OSE55GI
OB Oslo Financials;Norge;Index;-;-;OSE40GI
OB Oslo Technology;Norge;Index;-;-;OSE45GI
Vostok Emerging;Sverige;First North;Finans & Fastighet;Investmentbolag;VEMF SDB
Ahola Transport;Finland;First North;Industri;Tåg- & Lastbilstransport;AHOLA
Double Bond Pharma;Sverige;Spotlight;Hälsovård;Biotech;DBP B
Hybricon;Sverige;Spotlight;Industri;Tåg- & Lastbilstransport;HYCO
Oncology Venture;Sverige;First North;Hälsovård;Biotech;OV
Swemet;Sverige;NGM;Industri;Elektroniska komponenter;SWEM MTF B
Footway Pref;Sverige;First North;Sällanköpsvaror;Kläder & Skor;FOOT PREF
Aker Solutions;Norge;OBX;Energi;Olja & Gas - Service;AKSO
BW LPG;Norge;OB Match;Energi;Olja & Gas - Transport;BWLPG
Aker BP;Norge;OBX;Energi;Olja & Gas - Exploatering;AKERBP
DNB;Norge;OBX;Finans & Fastighet;Banker;DNB
DNO;Norge;OBX;Energi;Olja & Gas - Exploatering;DNO
A.P. Moller Maersk B;Danmark;Large Cap;Industri;Sjöfart & Rederi;MAERSK B
Carlsberg B;Danmark;Large Cap;Dagligvaror;Bryggeri;CARL B
Chr Hansen;Danmark;Large Cap;Dagligvaror;Livsmedel;CHR
Coloplast;Danmark;Large Cap;Hälsovård;Medicinsk Utrustning;COLO B
Danske Bank;Danmark;Large Cap;Finans & Fastighet;Banker;DANSKE
Dolphin Drilling;Norge;OB Match;Energi;Olja & Gas - Borrning;DDASA
Frontline;Norge;OB Match;Energi;Olja & Gas - Transport;FRO
Gjensidige Forsikring;Norge;OBX;Finans & Fastighet;Försäkring;GJF
Mowi;Norge;OBX;Dagligvaror;Fiskodling;MOWI
Nordic Semiconductor;Norge;OB Match;Informationsteknik;Elektronik & Tillverkning;NOD
DSV;Danmark;Large Cap;Industri;Tåg- & Lastbilstransport;DSV
FLSmidth & Co.;Danmark;Large Cap;Industri;Byggmaterial;FLS
G4S;Danmark;Large Cap;Industri;Säkerhet;G4S
Genmab;Danmark;Large Cap;Hälsovård;Biotech;GEN
GN Store Nord;Danmark;Large Cap;Hälsovård;Medicinsk Utrustning;GN
Equinor;Norge;OBX;Energi;Olja & Gas - Försäljning;EQNR
Kotipizza;Finland;Small Cap;Sällanköpsvaror;Restaurang & Café;PIZZA
Novo Nordisk;Danmark;Large Cap;Hälsovård;Läkemedel;NOVO B
Capacent;Sverige;First North;Industri;Affärskonsulter;CAPAC
CLX Communications;Sverige;Mid Cap;Informationsteknik;Kommunikation;CLX
Bravida;Sverige;Large Cap;Industri;Installation & VVS;BRAV
Dometic;Sverige;Large Cap;Sällanköpsvaror;Bil & Motor;DOM
Klaria Pharma;Sverige;First North;Hälsovård;Biotech;KLAR
MoxieTech;Sverige;First North;Industri;Bemanning;MOXI
Minesto;Sverige;First North;Kraftförsörjning;Förnybarenergi;MINEST
Photocat;Sverige;First North;Industri;Installation & VVS;PCAT
Waystream;Sverige;First North;Informationsteknik;Kommunikation;WAYS
Alzinova;Sverige;Spotlight;Hälsovård;Biotech;ALZ
Hamlet Pharma;Sverige;Spotlight;Hälsovård;Biotech;HAMLET
Nanologica;Sverige;Spotlight;Hälsovård;Biotech;NICA
PExA;Sverige;Spotlight;Hälsovård;Medicinsk Utrustning;PEXA B
Attendo;Sverige;Large Cap;Hälsovård;Sjukhus & Vårdhem;ATT
Camurus;Sverige;Mid Cap;Hälsovård;Läkemedel;CAMX
Scandic Hotels;Sverige;Mid Cap;Sällanköpsvaror;Hotell & Camping;SHOT
AdCityMedia;Sverige;First North;Sällanköpsvaror;Marknadsföring;ACM
Immunovia;Sverige;Mid Cap;Hälsovård;Medicinsk Utrustning;IMMNOV
Nilsson Special Vehicles;Sverige;First North;Sällanköpsvaror;Bil & Motor;NILS
Stillfront;Sverige;First North;Sällanköpsvaror;Gaming & Spel;SF
TC TECH;Sverige;First North;Industri;Industrimaskiner;TCT
Vicore Pharma;Sverige;First North;Hälsovård;Läkemedel;VICO
Zenergy;Sverige;Spotlight;Industri;Bostadsbyggnation;ZENZIP B
Evli Pankki;Finland;Mid Cap;Finans & Fastighet;Nischbanker;EVLI
Consti Yhtiöt;Finland;Small Cap;Industri;Byggnation & Infrastruktur;CONSTI
Genova Property Pref;Sverige;First North;Finans & Fastighet;Fastighetsbolag;GPG PREF
Nuevolution;Sverige;Small Cap;Hälsovård;Biotech;NUE
IMINT;Sverige;Spotlight;Informationsteknik;Affärs- & IT-System;IMINT
Toleranzia;Sverige;Spotlight;Hälsovård;Medicinsk Utrustning;TOL
Prebona;Sverige;Spotlight;Hälsovård;Läkemedel;PREBON
QuickCool;Sverige;Spotlight;Hälsovård;Medicinsk Utrustning;QUICK
Implementa Sol;Sverige;NGM;Kraftförsörjning;Solkraft;IMSOL MTF B
Pandora;Danmark;Large Cap;Sällanköpsvaror;Accessoarer;PNDORA
Vestas Wind Systems;Danmark;Large Cap;Kraftförsörjning;Vindkraft;VWS
Royal UNIBREW;Danmark;Large Cap;Dagligvaror;Bryggeri;RBREW
Lundbeck;Danmark;Large Cap;Hälsovård;Läkemedel;LUN
Nordea Bank;Danmark;Large Cap;Finans & Fastighet;Banker;NDA DK
Orkla;Norge;OBX;Dagligvaror;Livsmedel;ORK
Yara International;Norge;OBX;Material;Kemikalier;YAR
ISS;Danmark;Large Cap;Industri;Stödtjänster & Service;ISS
Jyske Bank;Danmark;Large Cap;Finans & Fastighet;Banker;JYSK
Kobenhavns Lufthavne;Danmark;Large Cap;Industri;Flygtransport;KBHL
Novozymes;Danmark;Large Cap;Material;Kemikalier;NZYM B
DalsSpira Mejeri;Sverige;Spotlight;Dagligvaror;Jordbruk;SPIRA
Rockwool B;Danmark;Large Cap;Industri;Byggmaterial;ROCK B
Sydbank;Danmark;Large Cap;Finans & Fastighet;Banker;SYDB
Topdanmark;Danmark;Large Cap;Finans & Fastighet;Försäkring;TOP
Tryg;Danmark;Large Cap;Finans & Fastighet;Försäkring;TRYG
William Demant;Danmark;Large Cap;Hälsovård;Medicinsk Utrustning;WDH
Norsk Hydro;Norge;OBX;Material;Gruv - Industrimetaller;NHY
Norwegian Air Shuttle;Norge;OBX;Industri;Flygtransport;NAS
Otello;Norge;OB Match;Informationsteknik;Internettjänster;OTELLO
Petroleum Geo-Services;Norge;OBX;Energi;Olja & Gas - Service;PGS
REC Silicon;Norge;OB Match;Kraftförsörjning;Solkraft;REC
Schibsted A;Norge;OBX;Sällanköpsvaror;Media & Publicering;SCHA
Seadrill;Norge;OB Match;Energi;Olja & Gas - Borrning;SDRL
Storebrand;Norge;OBX;Finans & Fastighet;Försäkring;STB
Subsea7;Norge;OBX;Energi;Olja & Gas - Service;SUBC
Telenor;Norge;OBX;Telekommunikation;Bredband & Telefoni;TEL
TGS-NOPEC;Norge;OBX;Energi;Olja & Gas - Service;TGS
Avance Gas;Norge;OB Match;Energi;Olja & Gas - Transport;AVANCE
Bakkafrost;Norge;OBX;Dagligvaror;Fiskodling;BAKKA
Raybased;Sverige;Spotlight;Informationsteknik;Säkerhet & Bevakning;RBASE
FastOut Int.;Sverige;Spotlight;Informationsteknik;Affärs- & IT-System;FOUT
Sleepo;Sverige;Spotlight;Sällanköpsvaror;Möbler & Inredning;SLEEP
NEXT Biometrics;Norge;OB Match;Informationsteknik;Biometri;NEXT
Zalaris;Norge;OB Match;Informationsteknik;Affärs- & IT-System;ZAL
NattoPharma;Norge;Oslo Axess;Hälsovård;Läkemedel;NATTO
Medistim;Norge;OB Standard;Hälsovård;Medicinsk Utrustning;MEDI
Matas;Danmark;Mid Cap;Dagligvaror;Hygienprodukter;MATAS
FirstFarms;Danmark;Small Cap;Dagligvaror;Jordbruk;FFARMS
Sino Agro Food;Norge;Merkur Market;Dagligvaror;Fiskodling;SIAF-ME
Esoft Systems;Danmark;First North;Sällanköpsvaror;Marknadsföring;ESOFT
Detection;Finland;First North;Hälsovård;Medicinsk Utrustning;DETEC
Xbrane Biopharma;Sverige;First North;Hälsovård;Biotech;XBRANE
Catena Media;Sverige;Mid Cap;Sällanköpsvaror;Betting & Casino;CTM
Sjöstrand Coffee;Sverige;Spotlight;Sällanköpsvaror;Hemelektronik;SCC B
Invent Medic;Sverige;Spotlight;Hälsovård;Medicinsk Utrustning;IMS
Loudspring Oyj;Finland;First North;Finans & Fastighet;Investmentbolag;LOUD
EAB Group;Finland;First North;Finans & Fastighet;Kapitalförvaltning;EABGB
FIT Biotech;Finland;First North;Hälsovård;Biotech;FITBIO
Herantis Pharma;Finland;First North;Hälsovård;Biotech;HRTIS
Nexstim Oyj;Finland;First North;Hälsovård;Medicinsk Utrustning;NXTMH
Nixu;Finland;Small Cap;Informationsteknik;Säkerhet & Bevakning;NIXU
Piippo;Finland;First North;Material;Förpackning;PIIPPO
Robit;Finland;Small Cap;Industri;Industrikomponenter;ROBIT
SavoSolar Oyj;Finland;First North;Kraftförsörjning;Solkraft;SAVOH
Siili Solutions;Finland;Small Cap;Informationsteknik;Affärs- & IT-System;SIILI
Taaleri;Finland;Mid Cap;Finans & Fastighet;Kapitalförvaltning;TAALA
Talenom;Finland;Small Cap;Industri;Affärskonsulter;TNOM
United Bankers;Finland;First North;Finans & Fastighet;Kapitalförvaltning;UNIAV
Verkkokauppa.com;Finland;First North;Sällanköpsvaror;Detaljhandel;VERK
XXL;Norge;OB Match;Sällanköpsvaror;Detaljhandel;XXL
LeoVegas;Sverige;Mid Cap;Sällanköpsvaror;Betting & Casino;LEO
Insr Insurance;Norge;OB Match;Finans & Fastighet;Försäkring;INSR
Bonheur;Norge;OB Match;Energi;Olja & Gas - Borrning;BON
Protector;Norge;OB Match;Finans & Fastighet;Försäkring;PROTCT
Thin Film;Norge;OB Match;Informationsteknik;Elektronik & Tillverkning;THIN
AF Gruppen;Norge;OB Match;Industri;Byggnation & Infrastruktur;AFG
Humana;Sverige;Mid Cap;Hälsovård;Sjukhus & Vårdhem;HUM
GARO;Sverige;Mid Cap;Industri;Elektroniska komponenter;GARO
Dividend Sweden;Sverige;NGM;Finans & Fastighet;Investmentbolag;DIVI MTF B
RhoVac;Sverige;Spotlight;Hälsovård;Biotech;RHOVAC
Polygiene;Sverige;First North;Sällanköpsvaror;Kläder & Skor;POLYG
AddLife;Sverige;Mid Cap;Hälsovård;Biotech;ALIF B
Ocean Yield;Norge;OB Match;Energi;Olja & Gas - Transport;OCY
Kvaerner;Norge;OB Match;Energi;Olja & Gas - Service;KVAER
StrongPoint;Norge;OB Match;Industri;Säkerhet;STRONG
Atea;Norge;OB Match;Informationsteknik;IT-Konsulter;ATEA
Wallenius Wilhelmsen;Norge;OB Match;Industri;Sjöfart & Rederi;WWL
Stolt-Nielsen;Norge;OB Match;Industri;Sjöfart & Rederi;SNI
Tomra Systems;Norge;OB Match;Industri;Energi & Återvinning;TOM
Veidekke;Norge;OB Match;Industri;Byggnation & Infrastruktur;VEI
Kongsberg Gruppen;Norge;OB Match;Industri;Militär & Försvar;KOG
SalMar;Norge;OBX;Dagligvaror;Fiskodling;SALM
Napatech;Norge;OB Match;Informationsteknik;Kommunikation;NAPA
Bang & Olufsen;Danmark;Mid Cap;Sällanköpsvaror;Hemelektronik;BO
IC Group;Danmark;Mid Cap;Sällanköpsvaror;Kläder & Skor;IC
Flugger;Danmark;Small Cap;Material;Kemikalier;FLUG B
Roblon;Danmark;Small Cap;Material;Kemikalier;RBLN B
Xintela;Sverige;First North;Hälsovård;Biotech;XINT
ABG Sundal Collier;Norge;OB Match;Finans & Fastighet;Nischbanker;ASC
Hiddn Solutions;Norge;OB Match;Informationsteknik;Säkerhet & Bevakning;HIDDN
Akastor;Norge;OB Match;Energi;Olja & Gas - Service;AKA
Aker;Norge;OBX;Finans & Fastighet;Investmentbolag;AKER
AKVA Group;Norge;OB Match;Dagligvaror;Fiskodling;AKVA
American Shipping;Norge;OB Match;Industri;Sjöfart & Rederi;AMSC
Aqualis;Norge;OB Match;Energi;Olja & Gas - Service;AQUA
Archer;Norge;OB Match;Energi;Olja & Gas - Borrning;ARCHER
Austevoll Seafood;Norge;OB Match;Dagligvaror;Fiskodling;AUSS
Avocet Mining;Norge;OB Standard;Material;Gruv - Guld & Silver;AVM
Belships;Norge;OB Standard;Industri;Sjöfart & Rederi;BEL
Solon Eiendom;Norge;OB Match;Finans & Fastighet;Fastighetsbolag;SOLON
Biotec Pharmacon;Norge;OB Match;Hälsovård;Biotech;BIOTEC
Techstep;Norge;OB Match;Informationsteknik;Affärs- & IT-System;TECH
Wilh. Wilhelmsen B;Norge;OB Match;Industri;Sjöfart & Rederi;WWIB
Borgestad;Norge;OB Match;Finans & Fastighet;Fastighetsbolag;BOR
Borregaard;Norge;OB Match;Material;Kemikalier;BRG
BW Offshore Limited;Norge;OBX;Energi;Olja & Gas - Service;BWO
ContextVision;Norge;OB Match;Hälsovård;Medicinsk Utrustning;COV
Simris Alg;Sverige;First North;Dagligvaror;Hälsoprodukter;SIMRIS B
DOF;Norge;OB Match;Energi;Olja & Gas - Service;DOF
Eidesvik Offshore;Norge;OB Match;Industri;Sjöfart & Rederi;EIOF
Electromagnetic Geoservices;Norge;OB Match;Energi;Olja & Gas - Service;EMGS
Entra;Norge;OB Match;Finans & Fastighet;Fastighetsbolag;ENTRA
Funcom;Norge;OB Match;Sällanköpsvaror;Gaming & Spel;FUNCOM
Gaming Innovation;Norge;OB Match;Sällanköpsvaror;Betting & Casino;GIG
Golden Ocean;Norge;OBX;Industri;Sjöfart & Rederi;GOGL
Goodtech;Norge;OB Standard;Industri;Affärskonsulter;GOD
Grieg Seafood;Norge;OBX;Dagligvaror;Fiskodling;GSF
Havila Shipping;Norge;OB Match;Energi;Olja & Gas - Service;HAVI
Hexagon Composites;Norge;OB Match;Material;Förpackning;HEX
Höegh LNG;Norge;OB Match;Energi;Olja & Gas - Transport;HLNG
IDEX;Norge;OB Match;Informationsteknik;Biometri;IDEX
InterOil Exploration;Norge;OB Match;Energi;Olja & Gas - Exploatering;IOX
Element;Norge;OB Match;Material;Gruv - Prospekt & Drift;ELE
Jinhui Shipping;Norge;OB Match;Industri;Sjöfart & Rederi;JIN
Kongsberg Automotive;Norge;OB Match;Industri;Industrikomponenter;KOA
Infant Bacterial;Sverige;Mid Cap;Hälsovård;Läkemedel;IBT B
Sydsvenska Hem;Sverige;Spotlight;Finans & Fastighet;Fastighetsbolag;SYDSV
Suomen Hoivatilat;Finland;Mid Cap;Finans & Fastighet;Fastighetsbolag;HOIVA
Plejd;Sverige;Spotlight;Industri;Elektroniska komponenter;PLEJD
Vadsbo SwitchTech;Sverige;Spotlight;Industri;Elektroniska komponenter;VADS
Litium;Sverige;Spotlight;Informationsteknik;Affärs- & IT-System;LITI
Nepa;Sverige;First North;Informationsteknik;Affärs- & IT-System;NEPA
Resurs Holding;Sverige;Large Cap;Finans & Fastighet;Kredit & Finansiering;RESURS
Leroy Seafood;Norge;OBX;Dagligvaror;Fiskodling;LSG
Multiconsult;Norge;OB Match;Industri;Affärskonsulter;MULTI
Navamedic;Norge;OB Match;Hälsovård;Läkemedel;NAVA
NEL;Norge;OBX;Kraftförsörjning;Förnybarenergi;NEL
NextGenTel;Norge;OB Standard;Telekommunikation;Telekomtjänster;NGT
Axactor;Norge;OB Match;Finans & Fastighet;Kredit & Finansiering;AXA
Nordic Nanovector;Norge;OB Match;Hälsovård;Biotech;NANO
Norway Royal Salmon;Norge;OB Match;Dagligvaror;Fiskodling;NRS
Norwegian Energy;Norge;OB Match;Energi;Olja & Gas - Exploatering;NOR
Norwegian Property;Norge;OB Match;Finans & Fastighet;Fastighetsbolag;NPRO
NRC Group;Norge;OB Match;Industri;Byggnation & Infrastruktur;NRC
Odfjell B;Norge;OB Match;Industri;Sjöfart & Rederi;ODFB
Odfjell Drilling;Norge;OB Match;Energi;Olja & Gas - Borrning;ODL
Olav Thon;Norge;OB Match;Finans & Fastighet;Fastighetsbolag;OLT
Panoro Energy;Norge;OB Match;Energi;Olja & Gas - Exploatering;PEN
Petrolia;Norge;OB Standard;Energi;Olja & Gas - Service;PDR
Photocure;Norge;OB Match;Hälsovård;Läkemedel;PHO
Polarcus;Norge;OB Match;Energi;Olja & Gas - Service;PLCS
Prosafe;Norge;OB Match;Energi;Olja & Gas - Service;PRS
Q-Free;Norge;OB Standard;Informationsteknik;Kommunikation;QFR
Questerre Energy;Norge;OB Match;Energi;Olja & Gas - Exploatering;QEC
SAS Nok;Norge;OB Match;Industri;Flygtransport;SAS NOK
Incus Investor;Norge;OB Standard;Finans & Fastighet;Investmentbolag;INC
Scatec Solar;Norge;OB Match;Kraftförsörjning;Solkraft;SSO
Selvaag Bolig;Norge;OB Match;Finans & Fastighet;Fastighetsbolag;SBO
SeaBird Exploration;Norge;OB Match;Energi;Olja & Gas - Service;SBX
Magnora;Norge;OB Standard;Energi;Olja & Gas - Service;MGN
Siem Offshore;Norge;OB Standard;Energi;Olja & Gas - Service;SIOFF
Solstad Offshore;Norge;OB Match;Energi;Olja & Gas - Transport;SOFF
SpareBank;Norge;OB Match;Finans & Fastighet;Banker;SRBANK
Spectrum;Norge;OB Match;Energi;Olja & Gas - Service;SPU
Storm Real Estate;Norge;OB Standard;Finans & Fastighet;Fastighetsbolag;STORM
Team Tankers;Norge;OB Standard;Industri;Sjöfart & Rederi;TEAM
TTS Group;Norge;OB Standard;Industri;Sjöfart & Rederi;TTS
Wentworth Resources;Norge;OB Match;Energi;Olja & Gas - Exploatering;WRL
Voss Veksel Landmandsbank;Norge;OB Match;Finans & Fastighet;Banker;VVL
Apptix;Norge;OB Match;Informationsteknik;Affärs- & IT-System;APP
Arendals Fossekompani;Norge;OB Match;Kraftförsörjning;Elförsörjning;AFK
Asetek;Norge;OB Match;Informationsteknik;Datorer & Hårdvara;ASETEK
Atlantic Petroleum;Norge;OB Standard;Energi;Olja & Gas - Exploatering;ATLA NOK
Bergen Group;Norge;OB Match;Industri;Sjöfart & Rederi;BERGEN
Bouvet;Norge;OB Match;Informationsteknik;IT-Konsulter;BOUVET
Byggma;Norge;OB Standard;Industri;Byggmaterial;BMA
Data Respons;Norge;OB Match;Informationsteknik;IT-Konsulter;DAT
EMAS Offshore;Norge;OB Standard;Energi;Olja & Gas - Service;EMAS
Europris;Norge;OB Match;Dagligvaror;Livsmedelsbutiker;EPR
Paradox Interactive;Sverige;First North;Sällanköpsvaror;Gaming & Spel;PDX
GC Rieber Shipping;Norge;OB Standard;Industri;Sjöfart & Rederi;RISH
Gyldendal;Norge;OB Standard;Sällanköpsvaror;Media & Publicering;GYL
Havyard Group;Norge;OB Match;Industri;Sjöfart & Rederi;HYARD
Itera;Norge;OB Match;Informationsteknik;IT-Konsulter;ITE
Kid;Norge;OB Match;Sällanköpsvaror;Möbler & Inredning;KID
Kitron;Norge;OB Match;Industri;Elektroniska komponenter;KIT
Oceanteam;Norge;OB Match;Energi;Olja & Gas - Transport;OTS
NTS;Norge;OB Standard;Industri;Sjöfart & Rederi;NTS
Polaris Media;Norge;OB Standard;Sällanköpsvaror;Media & Publicering;POL
RAK Petroleum;Norge;OB Match;Energi;Olja & Gas - Exploatering;RAKP
Reach Subsea;Norge;OB Match;Energi;Olja & Gas - Service;REACH
Sbanken;Norge;OB Match;Finans & Fastighet;Nischbanker;SBANK
The Scottish Salmon;Norge;OB Match;Dagligvaror;Fiskodling;SSC
Wilson;Norge;OB Standard;Industri;Sjöfart & Rederi;WILS
African Petroleum;Norge;Oslo Axess;Energi;Olja & Gas - Exploatering;APCL
Aqua Bio Technology;Norge;Oslo Axess;Dagligvaror;Hälsoprodukter;ABT
Awilco Drilling;Norge;OB Match;Energi;Olja & Gas - Borrning;AWDR
Awilco LNG;Norge;Oslo Axess;Energi;Olja & Gas - Transport;ALNG
Hunter Group;Norge;Oslo Axess;Energi;Olja & Gas - Service;HUNT
Cxense;Norge;OB Match;Informationsteknik;Affärs- & IT-System;CXENSE
EAM Solar;Norge;Oslo Axess;Kraftförsörjning;Solkraft;EAM
Hofseth BioCare;Norge;Oslo Axess;Dagligvaror;Hälsoprodukter;HBC
FLEX LNG;Norge;OB Match;Energi;Olja & Gas - Exploatering;FLNG
5th Planet Games;Norge;Oslo Axess;Sällanköpsvaror;Gaming & Spel;FIVEPG
Magseis Fairfield;Norge;OB Match;Energi;Olja & Gas - Service;MSEIS
Nordic Mining;Norge;Oslo Axess;Material;Gruv - Prospekt & Drift;NOM
North Energy;Norge;Oslo Axess;Energi;Olja & Gas - Exploatering;NORTH
PCI Biotech;Norge;OB Match;Hälsovård;Biotech;PCIB
Philly Shipyard;Norge;Oslo Axess;Industri;Sjöfart & Rederi;PHLY
Pioneer Property Pref;Norge;Oslo Axess;Finans & Fastighet;Fastighetsbolag;PPG PREF
RomReal;Norge;Oslo Axess;Finans & Fastighet;Fastighetsbolag;ROM
S.D. Standard Drilling;Norge;OB Match;Energi;Olja & Gas - Borrning;SDSD
Saga Tankers;Norge;Oslo Axess;Energi;Olja & Gas - Transport;SAGA
Scanship;Norge;Oslo Axess;Industri;Energi & Återvinning;SSHIP
Vistin Pharma;Norge;OB Match;Hälsovård;Läkemedel;VISTIN
Aasen Sparebank;Norge;Merkur Market;Finans & Fastighet;Banker;AASB-ME
Atlantic Lumpus;Norge;Merkur Market;Dagligvaror;Fiskodling;ATLU-ME
Black Sea Property;Norge;Merkur Market;Finans & Fastighet;Fastighetsbolag;BSP-ME
Induct;Norge;Merkur Market;Informationsteknik;Affärs- & IT-System;INDUCT-ME
WR Entertainment;Norge;Merkur Market;Sällanköpsvaror;Media & Publicering;WRE-ME
ALK-Abello;Danmark;Large Cap;Hälsovård;Läkemedel;ALK B
Alm. Brand;Danmark;Large Cap;Finans & Fastighet;Försäkring;ALMB
Ambu;Danmark;Large Cap;Hälsovård;Medicinsk Utrustning;AMBU B
Bavarian Nordic;Danmark;Mid Cap;Hälsovård;Biotech;BAVA
DS Norden;Danmark;Mid Cap;Industri;Sjöfart & Rederi;DNORD
DFDS;Danmark;Large Cap;Industri;Sjöfart & Rederi;DFDS
Athena Investments;Danmark;Small Cap;Kraftförsörjning;Förnybarenergi;ATHENA
Jeudan;Danmark;Large Cap;Finans & Fastighet;Fastighetsbolag;JDAN
Jutlander Bank;Danmark;Mid Cap;Finans & Fastighet;Banker;JUTBK
NKT Holding;Danmark;Mid Cap;Industri;Elektroniska komponenter;NKT
NNIT;Danmark;Mid Cap;Informationsteknik;IT-Konsulter;NNIT
Onxeo;Danmark;Small Cap;Hälsovård;Läkemedel;ONXEO
Per Aarsleff;Danmark;Mid Cap;Industri;Byggnation & Infrastruktur;PAAL B
Ringkjobing Landbobank;Danmark;Large Cap;Finans & Fastighet;Banker;RILBA
SAS ddk;Danmark;Mid Cap;Industri;Flygtransport;SAS DKK
Schouw & Co.;Danmark;Large Cap;Industri;Industrikomponenter;SCHO
SimCorp;Danmark;Large Cap;Informationsteknik;Affärs- & IT-System;SIM
Solar;Danmark;Mid Cap;Industri;Affärskonsulter;SOLAR B
Sparekassen Sjaelland;Danmark;Mid Cap;Finans & Fastighet;Banker;SPKSJF
Tivoli;Danmark;Mid Cap;Sällanköpsvaror;Resor & Nöjen;TIV
Spar Nord Bank;Danmark;Large Cap;Finans & Fastighet;Banker;SPNO
United Int. Enterprises;Danmark;Mid Cap;Dagligvaror;Jordbruk;UIE
Veloxis Pharmaceuticals;Danmark;Mid Cap;Hälsovård;Biotech;VELO
Zealand Pharma;Danmark;Mid Cap;Hälsovård;Biotech;ZEAL
Össur;Danmark;Large Cap;Hälsovård;Medicinsk Utrustning;OSSR
AaB;Danmark;Small Cap;Sällanköpsvaror;Fritid & Sport;AAB
AGF B;Danmark;Small Cap;Sällanköpsvaror;Fritid & Sport;AGF B
Admiral Capital;Danmark;Small Cap;Finans & Fastighet;Fastighetsbolag;ADMCAP B
Andersen & Martini;Danmark;Small Cap;Sällanköpsvaror;Bil & Motor;AM B
Arkil Holding;Danmark;Small Cap;Industri;Byggnation & Infrastruktur;ARKIL B
Atlantic Petroleum ddk;Danmark;Small Cap;Energi;Olja & Gas - Exploatering;ATLA DKK
BankNordik;Danmark;Mid Cap;Finans & Fastighet;Banker;BNORDIK CSE
BioPorto;Danmark;Small Cap;Hälsovård;Biotech;BIOPOR
Blue Vision;Danmark;Small Cap;Finans & Fastighet;Fastighetsbolag;BLVIS A
Brd. Klee;Danmark;Small Cap;Industri;Industrikomponenter;KLEE B
Brdr. A&O Johansen;Danmark;Small Cap;Industri;Installation & VVS;AOJ P
Brdr. Hartmann;Danmark;Mid Cap;Material;Förpackning;HART
Brondby IF;Danmark;Small Cap;Sällanköpsvaror;Fritid & Sport;BIF
cBrain;Danmark;Small Cap;Informationsteknik;Affärs- & IT-System;CBRAIN
ChemoMetec;Danmark;Small Cap;Hälsovård;Medicinsk Utrustning;CHEMM
Columbus;Danmark;Mid Cap;Informationsteknik;Affärs- & IT-System;COLUM
Copenhagen Capital;Danmark;Small Cap;Finans & Fastighet;Fastighet - REIT;CPHCAP ST
Danske Andelskassers;Danmark;Small Cap;Finans & Fastighet;Nischbanker;DAB
Dantax;Danmark;Small Cap;Sällanköpsvaror;Hemelektronik;DANT
Djurslands Bank;Danmark;Small Cap;Finans & Fastighet;Banker;DJUR
DLH;Danmark;Small Cap;Industri;Byggmaterial;DLH
Egetaepper;Danmark;Small Cap;Sällanköpsvaror;Möbler & Inredning;EGE B
Erria;Danmark;First North;Industri;Sjöfart & Rederi;ERRIA
Boliga Gruppen;Danmark;Small Cap;Industri;Mätning & Analys;BOLIGA
F.E. Bording;Danmark;Small Cap;Industri;Affärskonsulter;BORD B
Fast Ejendom;Danmark;Small Cap;Finans & Fastighet;Fastighetsbolag;FED
Fynske Bank;Danmark;Small Cap;Finans & Fastighet;Banker;FYNBK
Gabriel Holding;Danmark;Small Cap;Sällanköpsvaror;Möbler & Inredning;GABR
German High Street;Danmark;Small Cap;Finans & Fastighet;Fastighetsbolag;GERHSP
Glunz & Jensen;Danmark;Small Cap;Industri;Industrimaskiner;GJ
Grönlandsbanken;Danmark;Small Cap;Finans & Fastighet;Banker;GRLA
Gyldendal B;Danmark;Small Cap;Sällanköpsvaror;Media & Publicering;GYLD B
HH International;Danmark;Mid Cap;Industri;Byggmaterial;HH
Harboes Bryggeri;Danmark;Small Cap;Dagligvaror;Bryggeri;HARB B
Hvidbjerg Bank;Danmark;Small Cap;Finans & Fastighet;Banker;HVID
Hojgaard B;Danmark;Small Cap;Industri;Byggnation & Infrastruktur;HOEJ B
InterMail;Danmark;Small Cap;Material;Förpackning;IMAIL
Kreditbanken;Danmark;Small Cap;Finans & Fastighet;Banker;KRE
Lollands Bank;Danmark;Small Cap;Finans & Fastighet;Banker;LOLB
Luxor;Danmark;Small Cap;Finans & Fastighet;Investmentbolag;LUXOR B
Lån og Spar Bank;Danmark;Mid Cap;Finans & Fastighet;Nischbanker;LASP
Migatronic;Danmark;Small Cap;Industri;Industrimaskiner;MIGA B
Monberg & Thorsen;Danmark;Small Cap;Industri;Byggnation & Infrastruktur;MT B
Mons Bank;Danmark;Small Cap;Finans & Fastighet;Banker;MNBA
NeuroSearch;Danmark;Small Cap;Hälsovård;Biotech;NEUR
NewCap Holding;Danmark;Small Cap;Finans & Fastighet;Kapitalförvaltning;NEWCAP
Nordfyns Bank;Danmark;Small Cap;Finans & Fastighet;Banker;NRDF
Nordic Shipholding;Danmark;Small Cap;Energi;Olja & Gas - Transport;NORDIC
Park Street Nordicom;Danmark;Small Cap;Finans & Fastighet;Fastighetsbolag;PSNRDC A
North Media;Danmark;Small Cap;Sällanköpsvaror;Media & Publicering;NORTHM
NTR Holding;Danmark;Small Cap;Industri;Elektroniska komponenter;NTR B
PARKEN Sport;Danmark;Small Cap;Sällanköpsvaror;Fritid & Sport;PARKEN
Prime Office;Danmark;Small Cap;Finans & Fastighet;Fastighetsbolag;PRIMOF
Rias;Danmark;Small Cap;Material;Kemikalier;RIAS B
RTX;Danmark;Mid Cap;Informationsteknik;Kommunikation;RTX
Salling Bank;Danmark;Small Cap;Finans & Fastighet;Banker;SALB
Sanistål;Danmark;Small Cap;Industri;Installation & VVS;SANI
Santa Fe Group;Danmark;Small Cap;Industri;Affärskonsulter;SFG
Scandinavian Brake;Danmark;Small Cap;Industri;Industrikomponenter;SBS
Scandinavian Private;Danmark;Small Cap;Finans & Fastighet;Investmentbolag;SPEAS
Silkeborg IF;Danmark;Small Cap;Sällanköpsvaror;Fritid & Sport;SIF
SKAKO;Danmark;Small Cap;Industri;Industrimaskiner;SKAKO
Skjern Bank;Danmark;Small Cap;Finans & Fastighet;Banker;SKJE
Small Cap Danmark;Danmark;Small Cap;Finans & Fastighet;Investmentbolag;SCD
SP Group;Danmark;Mid Cap;Material;Kemikalier;SPG
Rovsing;Danmark;Small Cap;Informationsteknik;Rymd- & Satellitteknik;ROV
Strategic Investments;Danmark;Small Cap;Finans & Fastighet;Investmentbolag;STRINV
TK Development;Danmark;Small Cap;Finans & Fastighet;Fastighetsbolag;TKDV
Cemat;Danmark;Small Cap;Finans & Fastighet;Fastighetsbolag;CEMAT
TORM;Danmark;Mid Cap;Energi;Olja & Gas - Transport;TRMD A
Totalbanken;Danmark;Small Cap;Finans & Fastighet;Banker;TOTA
Vestjysk Bank;Danmark;Mid Cap;Finans & Fastighet;Banker;VJBA
Victoria Properties;Danmark;Small Cap;Finans & Fastighet;Fastighetsbolag;VIPRO
EgnsINVEST;Danmark;First North;Finans & Fastighet;Fastighetsbolag;EGNETY
Enalyzer;Danmark;First North;Informationsteknik;Affärs- & IT-System;ENALYZ
FastPassCorp;Danmark;First North;Informationsteknik;Säkerhet & Bevakning;FASTPC
Jobindex;Danmark;First North;Industri;Bemanning;JOBNDX
WIRTEK;Danmark;First North;Informationsteknik;Affärs- & IT-System;WIRTEK
Tokmanni Group;Finland;Mid Cap;Sällanköpsvaror;Detaljhandel;TOKMAN
Lehto Group;Finland;Mid Cap;Industri;Bostadsbyggnation;LEHTO
Qt Group;Finland;Small Cap;Informationsteknik;Affärs- & IT-System;QTCOM
Real Holding;Sverige;NGM;Finans & Fastighet;Fastighetsbolag;REAL MTF B
Talkpool;Sverige;First North;Telekommunikation;Telekomtjänster;TALK
Lauritz;Sverige;First North;Informationsteknik;Internettjänster;LAUR
Provide IT;Sverige;Spotlight;Informationsteknik;Affärs- & IT-System;PROVIT
Swedencare;Sverige;First North;Hälsovård;Medicinsk Utrustning;SECARE
B3 Consulting;Sverige;Small Cap;Informationsteknik;IT-Konsulter;B3
Bosjö Fastigheter;Sverige;Spotlight;Finans & Fastighet;Fastighetsbolag;BOSJO
Clean Motion;Sverige;First North;Sällanköpsvaror;Bil & Motor;CLEMO
FrontOffice Nordic;Sverige;NGM;Finans & Fastighet;Investmentbolag;FRNT MTF B
SynAct Pharma;Sverige;Spotlight;Hälsovård;Biotech;SYNACT
Alelion Energy;Sverige;First North;Industri;Industrikomponenter;ALELIO
BrandBee;Sverige;Spotlight;Informationsteknik;Internettjänster;BRANDB
TF Bank;Sverige;Mid Cap;Finans & Fastighet;Kredit & Finansiering;TFBANK
Nordic Waterproofing;Sverige;Mid Cap;Industri;Byggmaterial;NWG
AcadeMedia;Sverige;Mid Cap;Industri;Utbildning;ACAD
Orsted;Danmark;Large Cap;Kraftförsörjning;Vindkraft;ORSTED
Bonava B;Sverige;Large Cap;Finans & Fastighet;Fastighetsbolag;BONAV B
PiezoMotor;Sverige;First North;Industri;Elektroniska komponenter;PIEZO
Cyxone;Sverige;First North;Hälsovård;Biotech;CYXO
Oscar Properties Pref B;Sverige;Mid Cap;Finans & Fastighet;Fastighetsbolag;OP PREFB
Loudspring;Sverige;First North;Finans & Fastighet;Investmentbolag;LOUDS
Enorama Pharma;Sverige;First North;Hälsovård;Läkemedel;ERMA
Pantaluren;Sverige;NGM;Sällanköpsvaror;Hemelektronik;PANT MTF
The Marketing Group;Sverige;First North;Sällanköpsvaror;Marknadsföring;TMG
GomSpace;Sverige;First North;Informationsteknik;Rymd- & Satellitteknik;GOMX
Redwood Pharma;Sverige;Spotlight;Hälsovård;Läkemedel;REDW
Shortcut Media;Sverige;Spotlight;Sällanköpsvaror;Marknadsföring;SMG
Absolicon;Sverige;Spotlight;Kraftförsörjning;Solkraft;ABSL
Cereno Scientific;Sverige;Spotlight;Hälsovård;Läkemedel;CRNO B
Privanet;Finland;First North;Finans & Fastighet;Kredit & Finansiering;PRIVA
Pareto Bank;Norge;OB Match;Finans & Fastighet;Nischbanker;PARB
Treasure;Norge;OB Match;Finans & Fastighet;Kapitalförvaltning;TRE
Norwegian Finans;Norge;OB Match;Finans & Fastighet;Nischbanker;NOFI
Avidly;Finland;First North;Sällanköpsvaror;Marknadsföring;AVIDLY
B2Holding;Norge;OB Match;Finans & Fastighet;Kredit & Finansiering;B2H
Aega;Norge;Oslo Axess;Kraftförsörjning;Solkraft;AEGA
Scandinavian Tobacco;Danmark;Large Cap;Dagligvaror;Tobak;STG
MaxFast Properties;Sverige;First North;Finans & Fastighet;Fastighetsbolag;MAXF
Quartiers Properties Pref;Sverige;First North;Finans & Fastighet;Fastighetsbolag;QUART PREF
Gold Town Games;Sverige;NGM;Sällanköpsvaror;Gaming & Spel;GTG MTF
Targovax;Norge;OB Match;Hälsovård;Biotech;TRVX
Uni-Light LED;Sverige;NGM;Industri;Elektroniska komponenter;ULED MTF
Maha Energy;Sverige;First North;Energi;Olja & Gas - Service;MAHA A
ExpreS2ion Biotech;Sverige;First North;Hälsovård;Biotech;EXPRS2
PEN Concept;Sverige;Spotlight;Industri;Bygginredning;PENCON
Flowscape;Sverige;Spotlight;Informationsteknik;Säkerhet & Bevakning;FLOWS
Alcadon Group;Sverige;First North;Industri;Elektroniska komponenter;ALCA
Engelska Skolan;Sverige;Mid Cap;Industri;Utbildning;ENG
Eyeonid;Sverige;NGM;Informationsteknik;Biometri;EOID MTF
Filo Mining;Sverige;First North;Material;Gruv - Prospekt & Drift;FIL
Sustainable Energy;Sverige;NGM;Industri;Installation & VVS;SUST MTF
Three Gates;Sverige;NGM;Sällanköpsvaror;Gaming & Spel;GATE MTF
WilLak;Sverige;NGM;Industri;Byggmaterial;WIL MTF
Cyber Security 1;Sverige;First North;Informationsteknik;Säkerhet & Bevakning;CYB1
Mälaråsen;Sverige;Spotlight;Finans & Fastighet;Fastighetsbolag;MALAR
Solnaberg;Sverige;First North;Finans & Fastighet;Fastighetsbolag;SOLNA
FRISQ;Sverige;First North;Informationsteknik;Affärs- & IT-System;FRISQ
Ahlsell;Sverige;Large Cap;Industri;Installation & VVS;AHSL
Vincit;Finland;First North;Informationsteknik;Affärs- & IT-System;VINCIT
Gasporox;Sverige;First North;Industri;Mätning & Analys;GPX
Tobin Properties;Sverige;First North;Finans & Fastighet;Fastighetsbolag;TOBIN
THQ Nordic;Sverige;First North;Sällanköpsvaror;Gaming & Spel;THQN B
ZetaDisplay Pref;Sverige;First North;Sällanköpsvaror;Marknadsföring;ZETA PREF
Cellink;Sverige;First North;Hälsovård;Medicinsk Utrustning;CLNK B
Serneke;Sverige;Mid Cap;Industri;Byggnation & Infrastruktur;SRNKE B
Volati;Sverige;Mid Cap;Finans & Fastighet;Investmentbolag;VOLO
Byggpartner;Sverige;First North;Industri;Byggnation & Infrastruktur;BYGGP
Edgeware;Sverige;Small Cap;Informationsteknik;Kommunikation;EDGE
Arcus;Norge;OB Match;Dagligvaror;Bryggeri;ARCUS
Crunchfish;Sverige;First North;Informationsteknik;Biometri;CFISH
Gapwaves;Sverige;First North;Informationsteknik;Kommunikation;GAPW B
InDex Pharmaceuticals;Sverige;First North;Hälsovård;Läkemedel;INDEX
Alligator Bioscience;Sverige;Mid Cap;Hälsovård;Biotech;ATORX
Ripasso Energy;Sverige;NGM;Kraftförsörjning;Solkraft;RISE MTF
DNA;Finland;Large Cap;Telekommunikation;Bredband & Telefoni;DNA
AdderaCare;Sverige;First North;Hälsovård;Hälsovård & Hjälpmedel;ADDERA
ChemoTech;Sverige;First North;Hälsovård;Medicinsk Utrustning;CMOTEC B
Smart Eye;Sverige;First North;Informationsteknik;Biometri;SEYE
Heeros;Finland;First North;Informationsteknik;IT-Konsulter;HEEROS
Finepart;Sverige;Spotlight;Industri;Industrimaskiner;FINE
Transiro;Sverige;NGM;Informationsteknik;Affärs- & IT-System;TIRO MTF
Nickel Mountain;Sverige;NGM;Material;Gruv - Prospekt & Drift;NICK MTF
Aino Health;Sverige;First North;Industri;Stödtjänster & Service;AINO
AppSpotr;Sverige;Spotlight;Informationsteknik;Affärs- & IT-System;APTR
Acarix;Sverige;First North;Hälsovård;Medicinsk Utrustning;ACARIX
ÅAC Microtec;Sverige;First North;Informationsteknik;Rymd- & Satellitteknik;AAC
SeaTwirl;Sverige;First North;Kraftförsörjning;Vindkraft;STW
Svenska Aerogel;Sverige;First North;Material;Kemikalier;AERO
Curando Nordic;Sverige;First North;Hälsovård;Hälsovård & Hjälpmedel;CUR
AcouSort;Sverige;Spotlight;Hälsovård;Biotech;ACOU
MultiDocker;Sverige;NGM;Industri;Industrimaskiner;MULT MTF
Effnetplattformen Dividend;Sverige;First North;Informationsteknik;Kommunikation;EFFP
Spiltan;Sverige;Pepins Market;Finans & Fastighet;Investmentbolag;SPILTAN
Oncopeptides;Sverige;Mid Cap;Hälsovård;Biotech;ONCO
Hemcheck Sweden;Sverige;First North;Hälsovård;Medicinsk Utrustning;HEMC
Hoylu;Sverige;First North;Informationsteknik;Affärs- & IT-System;HOYLU
IRLAB Therapeutics;Sverige;First North;Hälsovård;Läkemedel;IRLAB A
Aerowash;Sverige;Spotlight;Industri;Stödtjänster & Service;AERW B
Initiator Pharma;Sverige;Spotlight;Hälsovård;Biotech;INIT
MenuCard;Sverige;Spotlight;Informationsteknik;Affärs- & IT-System;MENU B
Chordate Medical;Sverige;NGM;Hälsovård;Medicinsk Utrustning;CMH MTF
Samtrygg;Sverige;NGM;Sällanköpsvaror;Konsumentservice;SAMT MTF B
SARSYS-ASFT;Sverige;NGM;Industri;Mätning & Analys;SARS MTF
Spintso International;Sverige;NGM;Sällanköpsvaror;Fritid & Sport;SPIN MTF
Svenska Bostadsfonden 14A;Sverige;NGM;Finans & Fastighet;Fastighet - REIT;SB14 A
Ambea;Sverige;Mid Cap;Hälsovård;Sjukhus & Vårdhem;AMBEA
Acosense;Sverige;Spotlight;Industri;Mätning & Analys;ACOS
Mips;Sverige;Mid Cap;Sällanköpsvaror;Fritid & Sport;MIPS
ChromoGenics;Sverige;First North;Industri;Byggmaterial;CHRO
Xavitech;Sverige;NGM;Industri;Elektroniska komponenter;XAVI MTF B
Prolight Diagnostics;Sverige;NGM;Hälsovård;Biotech;PRLD MTF
FM Mattsson;Sverige;Small Cap;Industri;Installation & VVS;FMM B
Actic Group;Sverige;Small Cap;Sällanköpsvaror;Resor & Nöjen;ATIC
SSM Holding;Sverige;Small Cap;Finans & Fastighet;Fastighetsbolag;SSM
Next Games;Finland;First North;Sällanköpsvaror;Gaming & Spel;NXTGMS
Biovica;Sverige;First North;Hälsovård;Biotech;BIOVIC B
Camanio Care;Sverige;Spotlight;Hälsovård;Hälsovård & Hjälpmedel;CARE
Unibap;Sverige;First North;Informationsteknik;Affärs- & IT-System;UNIBAP
EatGood;Sverige;Spotlight;Industri;Industrimaskiner;EATG
Sonetel;Sverige;First North;Informationsteknik;Kommunikation;SONE
Isofol Medical;Sverige;First North;Hälsovård;Läkemedel;ISOFOL
Tangiamo Touch;Sverige;First North;Informationsteknik;Datorer & Hårdvara;TANGI
Intervacc;Sverige;First North;Hälsovård;Biotech;IVACC
Instalco;Sverige;Mid Cap;Industri;Installation & VVS;INSTAL
Sdiptech;Sverige;First North;Industri;Installation & VVS;SDIP B
Munters;Sverige;Large Cap;Industri;Installation & VVS;MTRS
CloudRepublic;Sverige;NGM;Informationsteknik;IT-Konsulter;CLDR MTF B
SECITS Holding;Sverige;First North;Informationsteknik;Säkerhet & Bevakning;SECI
Rentunder;Sverige;NGM;Industri;Industrimaskiner;RENT MTF
International Petroleum;Sverige;Mid Cap;Energi;Olja & Gas - Exploatering;IPCO
Matra Petroleum;Sverige;First North;Energi;Olja & Gas - Exploatering;MATRA
Mantex;Sverige;First North;Industri;Mätning & Analys;MANTEX
Annexin;Sverige;First North;Hälsovård;Biotech;ANNX
Logistea;Sverige;First North;Finans & Fastighet;Fastighetsbolag;LOG
Bråviken Logistik;Sverige;Spotlight;Finans & Fastighet;Fastighetsbolag;BRALOG
Bambuser;Sverige;First North;Informationsteknik;Internettjänster;BUSER
AcuCort;Sverige;Spotlight;Hälsovård;Läkemedel;ACUC
XMReality;Sverige;First North;Informationsteknik;Affärs- & IT-System;XMR
Compare-IT;Sverige;Spotlight;Informationsteknik;Säkerhet & Bevakning;COMPIT
Karlbergsvägen 77 Pref;Sverige;First North;Finans & Fastighet;Fastighetsbolag;KV77 PREF
Integrum;Sverige;First North;Hälsovård;Medicinsk Utrustning;INTEG B
ISR Holding;Sverige;First North;Hälsovård;Biotech;ISR
Bioservo Technologies;Sverige;First North;Hälsovård;Hälsovård & Hjälpmedel;BIOS
MobiPlus;Sverige;Spotlight;Telekommunikation;Telekomtjänster;MPLUS
Medicover;Sverige;Mid Cap;Hälsovård;Sjukhus & Vårdhem;MCOV B
Abelco Investment;Sverige;NGM;Finans & Fastighet;Investmentbolag;ABIG MTF
TerraNet;Sverige;First North;Telekommunikation;Telekomtjänster;TERRNT B
Boozt;Sverige;Mid Cap;Sällanköpsvaror;Kläder & Skor;BOOZT
Net Trading Group;Sverige;NGM;Dagligvaror;Livsmedel;NTGR MTF
Zaplox;Sverige;First North;Informationsteknik;Affärs- & IT-System;ZAPLOX
TCECUR;Sverige;First North;Informationsteknik;Biometri;TCC
Ayima;Sverige;First North;Sällanköpsvaror;Marknadsföring;AYIMA B
Nexar Group;Sverige;NGM;Sällanköpsvaror;Media & Publicering;NXAR MTF
Paxman;Sverige;First North;Hälsovård;Medicinsk Utrustning;PAX
Essity B;Sverige;Large Cap;Dagligvaror;Hygienprodukter;ESSITY B
Enersize;Sverige;First North;Informationsteknik;Affärs- & IT-System;ENERS
Preservia Pref;Sverige;NGM;Finans & Fastighet;Fastighetsbolag;PHYR MTF PREF
Aspire Global;Sverige;First North;Sällanköpsvaror;Betting & Casino;ASPIRE
Bonesupport;Sverige;Small Cap;Hälsovård;Biotech;BONEX
Cimco Marine;Sverige;First North;Sällanköpsvaror;Bil & Motor;CIMCO
iApotek;Sverige;Spotlight;Dagligvaror;Apotek;IAPO
Momentum Group;Sverige;Mid Cap;Industri;Industrikomponenter;MMGR B
Peckas Naturodlingar;Sverige;NGM;Dagligvaror;Jordbruk;PEKA MTF B
Nitro Games;Sverige;First North;Sällanköpsvaror;Gaming & Spel;NITRO
Urb-it;Sverige;First North;Sällanköpsvaror;Konsumentservice;URBIT
OmniCar;Sverige;Spotlight;Informationsteknik;Affärs- & IT-System;OMNI
Netmore;Sverige;First North;Telekommunikation;Telekomtjänster;NETM B
NextCell Pharma;Sverige;Spotlight;Hälsovård;Biotech;NXTCL
Panion Animal Health;Sverige;Spotlight;Hälsovård;Biotech;PANION
Promore Pharma;Sverige;First North;Hälsovård;Biotech;PROMO
Realfiction;Sverige;First North;Sällanköpsvaror;Marknadsföring;REALFI
Sedana Medical;Sverige;First North;Hälsovård;Medicinsk Utrustning;SEDANA
Sensec Holding;Sverige;NGM;Informationsteknik;Säkerhet & Bevakning;SECS MTF
Surgical Science;Sverige;First North;Hälsovård;Medicinsk Utrustning;SUS
Trianon;Sverige;First North;Finans & Fastighet;Fastighetsbolag;TRIAN B
News55;Sverige;NGM;Sällanköpsvaror;Media & Publicering;N55 MTF
Seamless Distribution Systems;Sverige;First North;Informationsteknik;Betalning & E-handel;SDS
Rovio;Finland;Mid Cap;Sällanköpsvaror;Gaming & Spel;ROVIO
Infront;Norge;OB Standard;Industri;Mätning & Analys;INFRNT
Balco Group;Sverige;Small Cap;Industri;Byggmaterial;BALCO
Enrad;Sverige;Spotlight;Industri;Installation & VVS;ENRAD
Quartiers Properties;Sverige;First North;Finans & Fastighet;Fastighetsbolag;QUART
Obducat Pref;Sverige;NGM;Informationsteknik;Elektronik & Tillverkning;OBDU PREF B
Inhalation Sciences;Sverige;Spotlight;Hälsovård;Medicinsk Utrustning;ISAB
SenzaGen;Sverige;First North;Hälsovård;Biotech;SENZA
Xspray Pharma;Sverige;First North;Hälsovård;Biotech;XSPRAY
Silmäasema;Finland;Small Cap;Sällanköpsvaror;Accessoarer;SILMA
Fondia;Finland;First North;Industri;Affärskonsulter;FONDIA
Kamux;Finland;Mid Cap;Sällanköpsvaror;Bil & Motor;KAMUX
Remedy Entertainment;Finland;First North;Sällanköpsvaror;Gaming & Spel;REMEDY
GreenMobility;Danmark;First North;Sällanköpsvaror;Konsumentservice;GREENM
Conferize;Danmark;First North;Informationsteknik;Internettjänster;CONFRZ
Borr Drilling;Norge;OB Match;Energi;Olja & Gas - Borrning;BDRILL
BerGenBio;Norge;OB Match;Hälsovård;Biotech;BGBIO
EVRY;Norge;OB Match;Informationsteknik;Affärs- & IT-System;EVRY
Fjord1;Norge;OB Match;Industri;Sjöfart & Rederi;FJORD
Songa Bulk;Norge;Oslo Axess;Industri;Sjöfart & Rederi;SBULK
BioArctic;Sverige;Mid Cap;Hälsovård;Biotech;BIOA B
Fram Skandinavien;Sverige;First North;Informationsteknik;Affärs- & IT-System;FRAM B
Handicare;Sverige;Mid Cap;Hälsovård;Hälsovård & Hjälpmedel;HANDI
Nilfisk;Danmark;Large Cap;Industri;Industrimaskiner;NLFSK
Climeon;Sverige;First North;Industri;Energi & Återvinning;CLIME B
Qiiwi Interactive;Sverige;Spotlight;Sällanköpsvaror;Gaming & Spel;QIIWI
Global Gaming 555;Sverige;First North;Sällanköpsvaror;Betting & Casino;GLOBAL
Samhällsbyggnads Pref;Sverige;First North;Finans & Fastighet;Fastighetsbolag;SBB PREF
Ferronordic Machines;Sverige;Mid Cap;Industri;Industrikomponenter;FNM
Bublar;Sverige;NGM;Sällanköpsvaror;Gaming & Spel;BUBL MTF
Touchtech;Sverige;Spotlight;Informationsteknik;Affärs- & IT-System; TOUCH
Indentive;Sverige;First North;Informationsteknik;Affärs- & IT-System;INDEN B
2cureX;Sverige;First North;Hälsovård;Medicinsk Utrustning;2CUREX
Time People Group;Sverige;NGM;Informationsteknik;IT-Konsulter;TPGR MTF
Seafire;Sverige;NGM;Finans & Fastighet;Investmentbolag;SEA MTF
BIBBIntrument;Sverige;Spotlight;Hälsovård;Medicinsk Utrustning;BIBB
Flexqube;Sverige;First North;Industri;Industrikomponenter;FLEXQ
Awardit;Sverige;First North;Sällanköpsvaror;Marknadsföring;AWRD
Atvexa;Sverige;First North;Industri;Utbildning;ATVEXA B
Komplett Bank;Norge;OB Match;Finans & Fastighet;Kredit & Finansiering;KOMP
ESEN eSports;Sverige;Spotlight;Sällanköpsvaror;Gaming & Spel;ESEN
IRRAS;Sverige;First North;Hälsovård;Medicinsk Utrustning;IRRAS
Logistri;Sverige;Spotlight;Finans & Fastighet;Fastighetsbolag;LOGIST
Tre Kronor Property;Sverige;First North;Finans & Fastighet;Fastighetsbolag;3KR
Tempest Security;Sverige;First North;Industri;Säkerhet;TSEC
DevPort;Sverige;First North;Informationsteknik;IT-Konsulter;DEVP B
MAG Interactive;Sverige;First North;Sällanköpsvaror;Gaming & Spel;MAGI
Terveystalo;Finland;Large Cap;Hälsovård;Hälsovård & Hjälpmedel;TTALO
Efecte;Finland;First North;Informationsteknik;Affärs- & IT-System;EFECTE
Gofore;Finland;First North;Informationsteknik;IT-Konsulter;GOFORE
Titanium;Finland;First North;Finans & Fastighet;Kapitalförvaltning;TITAN
Scout Gaming;Sverige;First North;Sällanköpsvaror;Betting & Casino;SCOUT
Acconeer;Sverige;First North;Industri;Mätning & Analys;ACCON
Lyko;Sverige;First North;Dagligvaror;Hygienprodukter;LYKO A
Arjo;Sverige;Large Cap;Hälsovård;Hälsovård & Hjälpmedel;ARJO B
Colabitoil;Sverige;Spotlight;Kraftförsörjning;Bioenergi;COLAB
Toadman;Sverige;NGM;Sällanköpsvaror;Gaming & Spel;TOAD MTF
Bio-Works;Sverige;First North;Hälsovård;Läkemedel;BIOWKS
TopRight Nordic;Sverige;NGM;Industri;Elektroniska komponenter;TOPR MTF
24SevenOffice;Sverige;Spotlight;Informationsteknik;Affärs- & IT-System;247
Crayon Group;Norge;OB Match;Informationsteknik;IT-Konsulter;CRAYON
Self Storage;Norge;OB Standard;Sällanköpsvaror;Konsumentservice;SSG
Webstep;Norge;OB Standard;Informationsteknik;IT-Konsulter;WSTEP
Orphazyme;Danmark;Mid Cap;Hälsovård;Biotech;ORPHA
TCM Group;Danmark;Small Cap;Sällanköpsvaror;Möbler & Inredning;TCM
Copenhagen Capital Praef;Danmark;Small Cap;Finans & Fastighet;Fastighet - REIT;CPHCAP PREF
Cleantech Building;Danmark;First North;Industri;Byggmaterial;CBM
Gate Ventures;Danmark;First North;Sällanköpsvaror;Media & Publicering;GATE
Monobank;Norge;Merkur Market;Finans & Fastighet;Banker;MONO-ME
Epic Gas;Norge;Merkur Market;Energi;Olja & Gas - Transport;EPIC-ME
Gentian Diagnostics;Norge;Merkur Market;Hälsovård;Medicinsk Utrustning;GENT-ME
Kolibri Kapital;Norge;Merkur Market;Finans & Fastighet;Kredit & Finansiering;KOLKAP-ME
Grong Sparebank;Norge;Merkur Market;Finans & Fastighet;Banker;GRONG-ME
MPC Container Ships;Norge;OB Match;Industri;Sjöfart & Rederi;MPCC
Northern Drilling;Norge;OB Match;Energi;Olja & Gas - Borrning;NODL
Lillestrom Sparebank;Norge;Merkur Market;Finans & Fastighet;Banker;LSTSB-ME
Tysnes Sparebank;Norge;Merkur Market;Finans & Fastighet;Banker;TYSB-ME
Baltic Sea Properties;Norge;Merkur Market;Finans & Fastighet;Fastighetsbolag;BALT-ME
J.P. Kenny Petroleum;Norge;Merkur Market;Energi;Olja & Gas - Exploatering;JPK-ME
CGit;Sverige;Spotlight;Informationsteknik;Affärs- & IT-System;CGIT B
H&D Wireless;Sverige;First North;Informationsteknik;Kommunikation;HDW B
ObsteCare;Sverige;Spotlight;Hälsovård;Medicinsk Utrustning;OBST
Orgo Tech;Sverige;Spotlight;Informationsteknik;Affärs- & IT-System;ORGO
ADDvise Group B;Sverige;First North;Hälsovård;Hälsovård & Hjälpmedel;ADDV B
Arbona A;Sverige;NGM;Finans & Fastighet;Investmentbolag;ARBO MTF A
Atlas Copco B;Sverige;Large Cap;Industri;Industrimaskiner;ATCO B
Bonava A;Sverige;Large Cap;Finans & Fastighet;Fastighetsbolag;BONAV A
Catella A;Sverige;Mid Cap;Finans & Fastighet;Kapitalförvaltning;CAT A
Corem B;Sverige;Mid Cap;Finans & Fastighet;Fastighetsbolag;CORE B
Electrolux A;Sverige;Large Cap;Sällanköpsvaror;Hemelektronik;ELUX A
Ericsson A;Sverige;Large Cap;Informationsteknik;Kommunikation;ERIC A
Essity A;Sverige;Large Cap;Dagligvaror;Hygienprodukter;ESSITY A
Handelsbanken B;Sverige;Large Cap;Finans & Fastighet;Banker;SHB B
Holmen A;Sverige;Large Cap;Material;Skogsbolag;HOLM A
Hufvudstaden C;Sverige;Large Cap;Finans & Fastighet;Fastighetsbolag;HUFV C
Husqvarna A;Sverige;Large Cap;Sällanköpsvaror;Hemelektronik;HUSQ A
Industrivärden A;Sverige;Large Cap;Finans & Fastighet;Investmentbolag;INDU A
Investor A;Sverige;Large Cap;Finans & Fastighet;Investmentbolag;INVE A
Kinnevik A;Sverige;Large Cap;Finans & Fastighet;Investmentbolag;KINV A
Klövern B;Sverige;Large Cap;Finans & Fastighet;Fastighetsbolag;KLOV B
Midsona A;Sverige;Mid Cap;Dagligvaror;Hälsoprodukter;MSON A
Midway A;Sverige;Small Cap;Finans & Fastighet;Investmentbolag;MIDW A
MTG A;Sverige;Large Cap;Sällanköpsvaror;Media & Publicering;MTG A
NCC A;Sverige;Large Cap;Industri;Byggnation & Infrastruktur;NCC A
Ortivus A;Sverige;Small Cap;Hälsovård;Hälsovård & Hjälpmedel;ORTI A
Ratos A;Sverige;Large Cap;Finans & Fastighet;Investmentbolag;RATO A
Sagax B;Sverige;Large Cap;Finans & Fastighet;Fastighetsbolag;SAGA B
Sagax D;Sverige;Large Cap;Finans & Fastighet;Fastighetsbolag;SAGA D
SCA A;Sverige;Large Cap;Material;Skogsbolag;SCA A
SEB C;Sverige;Large Cap;Finans & Fastighet;Banker;SEB C
SKF A;Sverige;Large Cap;Industri;Industrikomponenter;SKF A
Slottsviken A;Sverige;Spotlight;Finans & Fastighet;Fastighetsbolag;SLOTT A
SSAB B;Sverige;Large Cap;Material;Gruv - Industrimetaller;SSAB B
Starbreeze A;Sverige;Mid Cap;Sällanköpsvaror;Gaming & Spel;STAR A
Stora Enso A;Sverige;Large Cap;Material;Skogsbolag;STE A
Svolder A;Sverige;Mid Cap;Finans & Fastighet;Investmentbolag;SVOL A
Sweco A;Sverige;Large Cap;Industri;Affärskonsulter;SWEC A
Tele2 A;Sverige;Large Cap;Telekommunikation;Bredband & Telefoni;TEL2 A
Transferator B;Sverige;Spotlight;Finans & Fastighet;Investmentbolag;TRAN B
Victoria Park B;Sverige;Mid Cap;Finans & Fastighet;Fastighetsbolag;VICP B
Volvo A;Sverige;Large Cap;Industri;Industrimaskiner;VOLV A
Ilkka-Yhtymä 1;Finland;Prelist;Sällanköpsvaror;Media & Publicering;ILK1S
Kesko A;Finland;Large Cap;Dagligvaror;Livsmedelsbutiker;KESKOA
Metsä Board A;Finland;Large Cap;Material;Skogsbolag;METSA
Oriola A;Finland;Mid Cap;Dagligvaror;Apotek;OKDAV
Orion A;Finland;Large Cap;Hälsovård;Läkemedel;ORNAV
SSAB A Oyj;Finland;Large Cap;Material;Gruv - Industrimetaller;SSABAH
Stockmann A;Finland;Mid Cap;Sällanköpsvaror;Detaljhandel;STCAS
Stora Enso A Oyj;Finland;Large Cap;Material;Skogsbolag;STEAV
Ålandsbanken A;Finland;Mid Cap;Finans & Fastighet;Banker;ALBAV
Odfjell A;Norge;OB Match;Industri;Sjöfart & Rederi;ODF
Schibsted B;Norge;OB Match;Sällanköpsvaror;Media & Publicering;SCHB
Wilh. Wilhelmsen A;Norge;OB Match;Industri;Sjöfart & Rederi;WWI
A.P. Moller Maersk A;Danmark;Large Cap;Industri;Sjöfart & Rederi;MAERSK A
Carlsberg A;Danmark;Large Cap;Dagligvaror;Bryggeri;CARL A
Gyldendal A;Danmark;Small Cap;Sällanköpsvaror;Media & Publicering;GYLD A
Hojgaard A;Danmark;Small Cap;Industri;Byggnation & Infrastruktur;HOEJ A
Rockwool A;Danmark;Large Cap;Industri;Byggmaterial;ROCK A
Infracom;Sverige;Spotlight;Informationsteknik;Affärs- & IT-System;INFRA
NPinvestor.com;Danmark;First North;Industri;Mätning & Analys;NPINV
Leading Edge Materials;Sverige;First North;Material;Kemikalier;LEMSE
Västsvensk Logistik;Sverige;Spotlight;Finans & Fastighet;Fastighetsbolag;VASLOG
Veteranpoolen;Sverige;Spotlight;Industri;Bemanning;VPAB B
Dr Sannas;Sverige;NGM;Dagligvaror;Hälsoprodukter;SANNA MTF B
Salmones Camanchaca;Norge;OB Match;Dagligvaror;Fiskodling;SALMON
GoldBlue;Sverige;NGM;Sällanköpsvaror;Gaming & Spel;GOLDB MTF
Liv ihop;Sverige;First North;Hälsovård;Sjukhus & Vårdhem;LIVI
OptiMobile;Sverige;Spotlight;Informationsteknik;Kommunikation;OPT
Smoltek;Sverige;Spotlight;Informationsteknik;Elektronik & Tillverkning;SMOL
BBS-Bioactive Bone;Sverige;First North;Hälsovård;Medicinsk Utrustning;BONES
BBS-Bioactive Bone FI;Finland;First North;Hälsovård;Medicinsk Utrustning;BONEH
Admicom;Finland;First North;Informationsteknik;Affärs- & IT-System;ADMCM
HRC World;Danmark;First North;Sällanköpsvaror;Restaurang & Café;HRC
Attana;Sverige;NGM;Hälsovård;Biotech;ATANA MTF
Cibus Nordic;Sverige;First North;Finans & Fastighet;Fastighetsbolag;CIBUS
Bygghemma;Sverige;Mid Cap;Sällanköpsvaror;Detaljhandel;BHG
Green Landscaping;Sverige;First North;Industri;Stödtjänster & Service;GREEN
Zutec;Sverige;First North;Informationsteknik;Affärs- & IT-System;ZUTEC
Altia;Finland;Mid Cap;Dagligvaror;Bryggeri;ALTIA
Harvia;Finland;Small Cap;Sällanköpsvaror;Möbler & Inredning;HARVIA
Elkem;Norge;OB Match;Material;Kemikalier;ELK
Fjordkraft;Norge;OB Match;Kraftförsörjning;Elförsörjning;FKRAFT
River iGaming;Norge;Merkur Market;Sällanköpsvaror;Betting & Casino;RIVER-ME
Sunndal Sparebank;Norge;Merkur Market;Finans & Fastighet;Banker;SUNSB-ME
Agillic;Danmark;First North;Informationsteknik;Affärs- & IT-System;AGILC
Bodyflight;Sverige;Spotlight;Sällanköpsvaror;Resor & Nöjen;BODY
Iconovo;Sverige;First North;Hälsovård;Medicinsk Utrustning;ICO
Fluicell;Sverige;First North;Hälsovård;Biotech;FLUI
Infrea;Sverige;First North;Industri;Byggnation & Infrastruktur;INFREA
NP3 Pref;Sverige;Mid Cap;Finans & Fastighet;Fastighetsbolag;NP3 PREF
Tectona Capital;Sverige;NGM;Finans & Fastighet;Fastighetsbolag;TCAB MTF B
Better Collective;Sverige;Mid Cap;Sällanköpsvaror;Betting & Casino;BETCO
NCAB Group;Sverige;Small Cap;Informationsteknik;Elektronik & Tillverkning;NCAB
I-Tech;Sverige;First North;Material;Kemikalier;ITECH
Ovzon;Sverige;First North;Telekommunikation;Telekomtjänster;OVZON
JonDeTech Sensors;Sverige;First North;Industri;Mätning & Analys;JDT
Africa Energy;Sverige;First North;Energi;Olja & Gas - Exploatering;AEC
Africa Resources;Sverige;NGM;Material;Gruv - Ädelstenar;AFRI MTF
Netcompany Group;Danmark;Large Cap;Informationsteknik;Affärs- & IT-System;NETC
Enersense;Finland;First North;Industri;Bemanning;ESENSE
Happy Helper;Danmark;First North;Sällanköpsvaror;Konsumentservice;HAPPY
Atlantic Sapphire;Norge;Merkur Market;Dagligvaror;Fiskodling;ASA-ME
Golden Energy Offshore;Norge;Merkur Market;Energi;Olja & Gas - Transport;GEOS-ME
SoftOx Solutions;Norge;Merkur Market;Hälsovård;Läkemedel;SOFTOX-ME
Surnadal Sparebank;Norge;Merkur Market;Finans & Fastighet;Banker;SUSB-ME
TargetEveryOne No;Norge;Merkur Market;Sällanköpsvaror;Marknadsföring;TEONE-ME
Arion Banki;Sverige;Large Cap;Finans & Fastighet;Banker;ARION-SDB
Epiroc A;Sverige;Large Cap;Industri;Industrimaskiner;EPI A
Epiroc B;Sverige;Large Cap;Industri;Industrimaskiner;EPI B
Flexion Mobile;Sverige;First North;Sällanköpsvaror;Gaming & Spel;FLEXM
IA Industriarmatur;Sverige;Spotlight;Industri;Installation & VVS;IAG
Kojamo;Finland;Large Cap;Finans & Fastighet;Fastighetsbolag;KOJAMO
Freetrailer;Danmark;Spotlight;Sällanköpsvaror;Bil & Motor;FREETR
Projektengagemang;Sverige;Small Cap;Industri;Affärskonsulter;PENG B
Calliditas Therapeutics;Sverige;Mid Cap;Hälsovård;Läkemedel;CALTX
Dicot;Sverige;Spotlight;Hälsovård;Läkemedel;DICOT
Midsummer;Sverige;First North;Kraftförsörjning;Solkraft;MIDS
Raketech;Sverige;First North;Sällanköpsvaror;Betting & Casino;RAKE
Ranplan;Sverige;First North;Informationsteknik;Kommunikation;RPLAN
VMP;Finland;First North;Industri;Bemanning;VMP
ViroGates;Danmark;First North;Hälsovård;Medicinsk Utrustning;VIRO
Lavo.tv;Norge;Merkur Market;Sällanköpsvaror;Media & Publicering;LAVO-ME
Shelf Drilling;Norge;OB Match;Energi;Olja & Gas - Borrning;SHLF
Veoneer;Sverige;Large Cap;Sällanköpsvaror;Bil & Motor;VNE SDB
Calmark;Sverige;Spotlight;Hälsovård;Läkemedel;CALMA B
Odico;Danmark;First North;Industri;Industrimaskiner;ODICO
Lifecare;Norge;Merkur Market;Hälsovård;Medicinsk Utrustning;LIFE-ME
Okeanis Eco Tankers;Norge;Merkur Market;Industri;Sjöfart & Rederi;OET-ME
Star Bulk Carriers Corp;Norge;OB Match;Industri;Sjöfart & Rederi;SBLK R
Alvestaglass;Sverige;Pepins Market;Dagligvaror;Livsmedel;ALVEGL
Risk Intelligence;Danmark;Spotlight;Industri;Sjöfart & Rederi;RISK
ADS Crude Carriers;Norge;Merkur Market;Industri;Sjöfart & Rederi;ADSC-ME
BRAbank;Norge;Merkur Market;Finans & Fastighet;Banker;BRA-ME
Hypefactors;Danmark;First North;Informationsteknik;Affärs- & IT-System;HYPE
Asarina Pharma;Sverige;First North;Hälsovård;Läkemedel;ASAP
Lumito;Sverige;NGM;Hälsovård;Medicinsk Utrustning;LUMITO MTF
Metacon;Sverige;NGM;Kraftförsörjning;Bioenergi;META MTF
Nordic Iron Ore;Sverige;First North;Material;Gruv - Prospekt & Drift;NIO
Ziccum;Sverige;Spotlight;Hälsovård;Läkemedel;ZICC
Fellow Finance;Finland;First North;Finans & Fastighet;Kredit & Finansiering;FELLOW
Stenocare;Danmark;Spotlight;Hälsovård;Läkemedel;STENO
poLight;Norge;OB Standard;Informationsteknik;Biometri;PLT
Zordix;Sverige;NGM;Sällanköpsvaror;Gaming & Spel;ZORDIX MTF
Comintelli;Sverige;Spotlight;Informationsteknik;Affärs- & IT-System;COMINT
Nyfosa;Sverige;Large Cap;Finans & Fastighet;Fastighetsbolag;NYF
Adverty;Sverige;NGM;Sällanköpsvaror;Marknadsföring;ADVT MTF
AlzeCure Pharma;Sverige;First North;Hälsovård;Läkemedel;ALZCUR
Aros Bostadsutveckling Pref;Sverige;First North;Finans & Fastighet;Fastighetsbolag;AROS PREF
Axolot Solutions;Sverige;First North;Industri;Energi & Återvinning;AXOLOT
Hoodin;Sverige;Spotlight;Informationsteknik;Affärs- & IT-System;HOODIN
Jetty;Sverige;Spotlight;Informationsteknik;Affärs- & IT-System;JETTY
PolarCool;Sverige;Spotlight;Hälsovård;Medicinsk Utrustning;POLAR
S2Medical;Sverige;First North;Hälsovård;Läkemedel;S2M
Scandion Oncology;Sverige;Spotlight;Hälsovård;Biotech;SCOL
Nordic ID;Finland;First North;Industri;Mätning & Analys;NORDID
Oma Säästöpankki;Finland;Mid Cap;Finans & Fastighet;Banker;OMASP
Rush Factory;Finland;First North;Sällanköpsvaror;Resor & Nöjen;RUSH
Viafin Service;Finland;First North;Finans & Fastighet;Investmentbolag;VIAFIN
Den Jyske Sparekasse;Danmark;Small Cap;Finans & Fastighet;Banker;DJS
Scape Technologies;Danmark;First North;Industri;Industrimaskiner;SCAPE
Seluxit;Danmark;First North;Informationsteknik;Affärs- & IT-System;SLXIT
Zenith Energy Ltd;Norge;Merkur Market;Energi;Olja & Gas - Exploatering;ZENA-ME
Tallink Grupp;Finland;Mid Cap;Industri;Sjöfart & Rederi;TALLINK
Azelio;Sverige;First North;Kraftförsörjning;Solkraft;AZELIO
Beyond Frames;Sverige;Spotlight;Sällanköpsvaror;Gaming & Spel;BEYOND
Jetpak;Sverige;First North;Industri;Tåg- & Lastbilstransport;JETPAK
Lime Technologies;Sverige;Small Cap;Informationsteknik;Affärs- & IT-System;LIME
NeoDynamics;Sverige;Spotlight;Hälsovård;Läkemedel;NEOD
Q-Linea;Sverige;Mid Cap;Hälsovård;Medicinsk Utrustning;QLINEA
CAG Group;Sverige;First North;Informationsteknik;IT-Konsulter;CAG
Footway;Sverige;First North;Sällanköpsvaror;Kläder & Skor;FOOT B
Raytelligence;Sverige;NGM;Hälsovård;Medicinsk Utrustning;RAYTL MTF
Samhällsbyggnadsbolag D;Sverige;First North;Finans & Fastighet;Fastighetsbolag;SBB D
InCoax Networks;Sverige;First North;Telekommunikation;Telekomtjänster;INCOAX
